Area Name,Total/ Rural/ Urban,Age group,Worked for 3 months or more but less than 6 months -  Persons,Worked for 3 months or more but less than 6 months - Males,Worked for 3 months or more but less than 6 months - Females,Worked for less than 3 months - Persons,Worked for less than 3 months - Males,Worked for less than 3 months - Females,Industrial Category - A - Cultivators - Persons,Industrial Category - A - Cultivators - Males,Industrial Category - A - Cultivators - Females,Industrial Category - A - Agricultural labourers - Persons,Industrial Category - A - Agricultural labourers - Males,Industrial Category - A - Agricultural labourers - Females,"Industrial Category - A - Plantation, Livestock, Forestry, Fishing, Hunting and allied activities - Persons","Industrial Category - A - Plantation, Livestock, Forestry, Fishing, Hunting and allied activities - Males","Industrial Category - A - Plantation, Livestock, Forestry, Fishing, Hunting and allied activities - Females",Industrial Category - B - Persons,Industrial Category - B - Males,Industrial Category - B - Females,Industrial Category - C - HHI - Persons,Industrial Category - C - HHI - Males,Industrial Category - C - HHI - Females,Industrial Category - C - Non HHI - Persons,Industrial Category - C - Non HHI - Males,Industrial Category - C - Non HHI - Females,Industrial Category - D & E - Persons,Industrial Category - D & E - Males,Industrial Category - D & E - Females,Industrial Category - F - Persons,Industrial Category - F - Males,Industrial Category - F - Females,Industrial Category - G - HHI - Persons,Industrial Category - G - HHI - Males,Industrial Category - G - HHI - Females,Industrial Category - G - Non HHI - Persons,Industrial Category - G - Non HHI - Males,Industrial Category - G - Non HHI - Females,Industrial Category - H - Persons,Industrial Category - H - Males,Industrial Category - H - Females,Industrial Category - I - Persons,Industrial Category - I - Males,Industrial Category - I - Females,Industrial Category - J - HHI - Persons,Industrial Category - J - HHI - Males,Industrial Category - J - HHI - Females,Industrial Category - J - Non HHI - Persons,Industrial Category - J - Non HHI - Males,Industrial Category - J - Non HHI - Females,Industrial Category - K to M - Persons,Industrial Category - K to M - Males,Industrial Category - K to M - Females,Industrial Category - N to O - Persons,Industrial Category - N to O - Males,Industrial Category - N to O - Females,Industrial Category - P to Q - Persons,Industrial Category - P to Q - Males,Industrial Category - P to Q - Females,Industrial Category - R to U - HHI - Persons,Industrial Category - R to U - HHI - Males,Industrial Category - R to U - HHI - Females,Industrial Category - R to U - Non HHI - Persons,Industrial Category - R to U - Non HHI - Males,Industrial Category - R to U - Non HHI - Females
State - TAMIL NADU,Total,15-34,514340,259560,254780,92423,43892,48531,24863,12711,12152,345420,152968,192452,9430,5443,3987,1174,839,335,9583,3115,6468,40249,23897,16352,852,692,160,51248,33746,17502,63,60,3,12963,9652,3311,12367,12049,318,3402,3053,349,51,40,11,2011,1414,597,2204,1807,397,6072,4318,1754,7536,2718,4818,8346,2127,6219,68929,32803,36126
State - TAMIL NADU,Total,35-59,542581,251957,290624,99202,40691,58511,29692,15927,13765,450052,192771,257281,15744,8230,7514,1436,860,576,9461,3526,5935,18976,11705,7271,926,698,228,53887,27084,26803,35,35,0,8356,5505,2851,6912,6624,288,2441,1708,733,11,9,2,468,371,97,1625,1454,171,5467,3848,1619,3205,1131,2074,6591,1487,5104,26498,9675,16823
State - TAMIL NADU,Total,60+,115103,62833,52270,27165,13465,13700,7930,5151,2779,105325,55730,49595,4028,2470,1558,234,154,80,2249,1127,1122,2252,1490,762,125,71,54,8257,3926,4331,2,2,0,1450,862,588,322,285,37,310,197,113,3,3,0,61,56,5,135,127,8,852,677,175,211,93,118,1457,483,974,7065,3394,3671
State - TAMIL NADU,Total,Unknown,1013,528,485,149,73,76,40,18,22,557,245,312,18,18,0,0,0,0,11,8,3,73,45,28,3,3,0,94,59,35,0,0,0,18,11,7,21,21,0,0,0,0,0,0,0,0,0,0,3,3,0,15,9,6,6,6,0,12,0,12,291,155,136
State - TAMIL NADU,Rural,15-34,406847,198575,208272,71974,31917,40057,22933,11766,11167,316885,138622,178263,6687,3909,2778,732,543,189,7023,2264,4759,24855,14506,10349,388,318,70,34045,20056,13989,50,47,3,7101,5431,1670,7510,7368,142,2255,2069,186,33,33,0,762,554,208,1010,810,200,2412,1684,728,4545,1720,2825,5885,1653,4232,33710,17139,16571
State - TAMIL NADU,Rural,35-59,444800,199573,245227,77922,29808,48114,27799,14887,12912,406147,172178,233969,10307,5468,4839,882,567,315,6487,2344,4143,9647,5860,3787,434,371,63,34121,13572,20549,23,23,0,3630,2386,1244,2826,2739,87,1100,835,265,9,9,0,124,98,26,648,574,74,2195,1464,731,1456,535,921,4455,1033,3422,10432,4438,5994
State - TAMIL NADU,Rural,60+,97011,52498,44513,22446,10902,11544,7425,4835,2590,95151,50192,44959,2608,1564,1044,108,75,33,1689,863,826,1211,760,451,37,27,10,5749,2290,3459,0,0,0,686,428,258,86,70,16,143,101,42,0,0,0,36,36,0,37,35,2,287,208,79,66,34,32,1022,365,657,3116,1517,1599
State - TAMIL NADU,Rural,Unknown,748,379,369,124,51,73,37,17,20,510,217,293,12,12,0,0,0,0,8,8,0,46,28,18,0,0,0,54,28,26,0,0,0,13,11,2,18,18,0,0,0,0,0,0,0,0,0,0,0,0,0,9,3,6,6,6,0,9,0,9,150,82,68
State - TAMIL NADU,Urban,15-34,107493,60985,46508,20449,11975,8474,1930,945,985,28535,14346,14189,2743,1534,1209,442,296,146,2560,851,1709,15394,9391,6003,464,374,90,17203,13690,3513,13,13,0,5862,4221,1641,4857,4681,176,1147,984,163,18,7,11,1249,860,389,1194,997,197,3660,2634,1026,2991,998,1993,2461,474,1987,35219,15664,19555
State - TAMIL NADU,Urban,35-59,97781,52384,45397,21280,10883,10397,1893,1040,853,43905,20593,23312,5437,2762,2675,554,293,261,2974,1182,1792,9329,5845,3484,492,327,165,19766,13512,6254,12,12,0,4726,3119,1607,4086,3885,201,1341,873,468,2,0,2,344,273,71,977,880,97,3272,2384,888,1749,596,1153,2136,454,1682,16066,5237,10829
State - TAMIL NADU,Urban,60+,18092,10335,7757,4719,2563,2156,505,316,189,10174,5538,4636,1420,906,514,126,79,47,560,264,296,1041,730,311,88,44,44,2508,1636,872,2,2,0,764,434,330,236,215,21,167,96,71,3,3,0,25,20,5,98,92,6,565,469,96,145,59,86,435,118,317,3949,1877,2072
State - TAMIL NADU,Urban,Unknown,265,149,116,25,22,3,3,1,2,47,28,19,6,6,0,0,0,0,3,0,3,27,17,10,3,3,0,40,31,9,0,0,0,5,0,5,3,3,0,0,0,0,0,0,0,0,0,0,3,3,0,6,6,0,0,0,0,3,0,3,141,73,68
District - Thiruvallur,Total,15-34,33568,18049,15519,6529,3654,2875,1225,632,593,15591,7257,8334,570,387,183,27,21,6,649,337,312,5487,3630,1857,136,93,43,4866,2963,1903,6,6,0,870,662,208,1183,1142,41,237,201,36,5,5,0,263,177,86,209,197,12,946,724,222,494,183,311,536,156,380,6797,2930,3867
District - Thiruvallur,Total,35-59,32568,16771,15797,7718,3529,4189,1414,792,622,22192,10446,11746,788,532,256,36,26,10,699,320,379,2310,1637,673,103,70,33,6312,3180,3132,6,6,0,834,479,355,805,774,31,188,127,61,8,6,2,66,56,10,193,171,22,729,531,198,243,59,184,569,144,425,2791,944,1847
District - Thiruvallur,Total,60+,5716,3147,2569,1465,739,726,305,183,122,4441,2476,1965,149,94,55,0,0,0,164,95,69,173,136,37,6,6,0,951,423,528,0,0,0,154,73,81,30,23,7,22,8,14,0,0,0,3,3,0,21,21,0,75,65,10,18,0,18,77,15,62,592,265,327
District - Thiruvallur,Total,Unknown,75,44,31,7,0,7,0,0,0,25,12,13,0,0,0,0,0,0,0,0,0,18,8,10,0,0,0,9,3,6,0,0,0,0,0,0,6,6,0,0,0,0,0,0,0,0,0,0,3,3,0,0,0,0,0,0,0,0,0,0,21,12,9
District - Thiruvallur,Rural,15-34,23965,12377,11588,4713,2443,2270,1109,566,543,14527,6700,7827,484,326,158,18,12,6,468,242,226,3398,2210,1188,86,52,34,3204,1622,1582,6,6,0,372,314,58,588,580,8,112,92,20,0,0,0,84,46,38,98,98,0,456,350,106,222,102,120,314,112,202,3132,1390,1742
District - Thiruvallur,Rural,35-59,25421,12417,13004,6104,2574,3530,1320,740,580,20723,9675,11048,650,444,206,20,14,6,456,202,254,1148,774,374,74,46,28,4336,1664,2672,6,6,0,412,214,198,346,330,16,66,42,24,6,6,0,30,20,10,60,48,12,288,178,110,82,18,64,324,80,244,1178,490,688
District - Thiruvallur,Rural,60+,4718,2516,2202,1193,575,618,276,162,114,4175,2327,1848,116,70,46,0,0,0,144,84,60,82,60,22,0,0,0,712,240,472,0,0,0,58,32,26,4,0,4,8,2,6,0,0,0,0,0,0,0,0,0,36,30,6,2,0,2,52,0,52,246,84,162
District - Thiruvallur,Rural,Unknown,49,29,20,7,0,7,0,0,0,22,9,13,0,0,0,0,0,0,0,0,0,16,8,8,0,0,0,6,0,6,0,0,0,0,0,0,6,6,0,0,0,0,0,0,0,0,0,0,0,0,0,0,0,0,0,0,0,0,0,0,6,6,0
District - Thiruvallur,Urban,15-34,9603,5672,3931,1816,1211,605,116,66,50,1064,557,507,86,61,25,9,9,0,181,95,86,2089,1420,669,50,41,9,1662,1341,321,0,0,0,498,348,150,595,562,33,125,109,16,5,5,0,179,131,48,111,99,12,490,374,116,272,81,191,222,44,178,3665,1540,2125
District - Thiruvallur,Urban,35-59,7147,4354,2793,1614,955,659,94,52,42,1469,771,698,138,88,50,16,12,4,243,118,125,1162,863,299,29,24,5,1976,1516,460,0,0,0,422,265,157,459,444,15,122,85,37,2,0,2,36,36,0,133,123,10,441,353,88,161,41,120,245,64,181,1613,454,1159
District - Thiruvallur,Urban,60+,998,631,367,272,164,108,29,21,8,266,149,117,33,24,9,0,0,0,20,11,9,91,76,15,6,6,0,239,183,56,0,0,0,96,41,55,26,23,3,14,6,8,0,0,0,3,3,0,21,21,0,39,35,4,16,0,16,25,15,10,346,181,165
District - Thiruvallur,Urban,Unknown,26,15,11,0,0,0,0,0,0,3,3,0,0,0,0,0,0,0,0,0,0,2,0,2,0,0,0,3,3,0,0,0,0,0,0,0,0,0,0,0,0,0,0,0,0,0,0,0,3,3,0,0,0,0,0,0,0,0,0,0,15,6,9
District - Chennai,Total,15-34,17431,9836,7595,3102,1981,1121,379,153,226,390,236,154,48,36,12,6,6,0,163,99,64,2028,1454,574,49,44,5,2683,2313,370,2,2,0,1130,798,332,1164,1118,46,250,223,27,7,2,5,380,252,128,280,227,53,1186,837,349,389,151,238,571,121,450,9428,3745,5683
District - Chennai,Total,35-59,11700,6993,4707,2656,1622,1034,219,108,111,341,220,121,81,66,15,8,5,3,276,120,156,1339,1008,331,75,56,19,3149,2648,501,3,3,0,1043,757,286,1272,1214,58,321,210,111,0,0,0,104,80,24,194,168,26,988,773,215,248,95,153,435,88,347,4260,996,3264
District - Chennai,Total,60+,1799,966,833,442,266,176,50,23,27,62,37,25,12,12,0,8,6,2,25,11,14,115,86,29,11,9,2,354,257,97,0,0,0,147,84,63,64,58,6,12,6,6,0,0,0,8,6,2,9,9,0,196,175,21,33,15,18,100,18,82,1035,420,615
District - Chennai,Total,Unknown,69,35,34,11,11,0,1,0,1,1,1,0,0,0,0,0,0,0,3,0,3,7,2,5,3,3,0,11,9,2,0,0,0,5,0,5,3,3,0,0,0,0,0,0,0,0,0,0,0,0,0,3,3,0,0,0,0,0,0,0,43,25,18
District - Chennai,Rural,15-34,0,0,0,0,0,0,0,0,0,0,0,0,0,0,0,0,0,0,0,0,0,0,0,0,0,0,0,0,0,0,0,0,0,0,0,0,0,0,0,0,0,0,0,0,0,0,0,0,0,0,0,0,0,0,0,0,0,0,0,0,0,0,0
District - Chennai,Rural,35-59,0,0,0,0,0,0,0,0,0,0,0,0,0,0,0,0,0,0,0,0,0,0,0,0,0,0,0,0,0,0,0,0,0,0,0,0,0,0,0,0,0,0,0,0,0,0,0,0,0,0,0,0,0,0,0,0,0,0,0,0,0,0,0
District - Chennai,Rural,60+,0,0,0,0,0,0,0,0,0,0,0,0,0,0,0,0,0,0,0,0,0,0,0,0,0,0,0,0,0,0,0,0,0,0,0,0,0,0,0,0,0,0,0,0,0,0,0,0,0,0,0,0,0,0,0,0,0,0,0,0,0,0,0
District - Chennai,Rural,Unknown,0,0,0,0,0,0,0,0,0,0,0,0,0,0,0,0,0,0,0,0,0,0,0,0,0,0,0,0,0,0,0,0,0,0,0,0,0,0,0,0,0,0,0,0,0,0,0,0,0,0,0,0,0,0,0,0,0,0,0,0,0,0,0
District - Chennai,Urban,15-34,17431,9836,7595,3102,1981,1121,379,153,226,390,236,154,48,36,12,6,6,0,163,99,64,2028,1454,574,49,44,5,2683,2313,370,2,2,0,1130,798,332,1164,1118,46,250,223,27,7,2,5,380,252,128,280,227,53,1186,837,349,389,151,238,571,121,450,9428,3745,5683
District - Chennai,Urban,35-59,11700,6993,4707,2656,1622,1034,219,108,111,341,220,121,81,66,15,8,5,3,276,120,156,1339,1008,331,75,56,19,3149,2648,501,3,3,0,1043,757,286,1272,1214,58,321,210,111,0,0,0,104,80,24,194,168,26,988,773,215,248,95,153,435,88,347,4260,996,3264
District - Chennai,Urban,60+,1799,966,833,442,266,176,50,23,27,62,37,25,12,12,0,8,6,2,25,11,14,115,86,29,11,9,2,354,257,97,0,0,0,147,84,63,64,58,6,12,6,6,0,0,0,8,6,2,9,9,0,196,175,21,33,15,18,100,18,82,1035,420,615
District - Chennai,Urban,Unknown,69,35,34,11,11,0,1,0,1,1,1,0,0,0,0,0,0,0,3,0,3,7,2,5,3,3,0,11,9,2,0,0,0,5,0,5,3,3,0,0,0,0,0,0,0,0,0,0,0,0,0,3,3,0,0,0,0,0,0,0,43,25,18
District - Kancheepuram,Total,15-34,40080,20955,19125,7544,3942,3602,1649,894,755,20197,9250,10947,670,422,248,127,82,45,789,314,475,5907,3468,2439,70,43,27,5793,3433,2360,0,0,0,846,580,266,1455,1442,13,386,312,74,2,2,0,243,171,72,208,168,40,1060,728,332,553,241,312,735,176,559,6934,3171,3763
District - Kancheepuram,Total,35-59,41279,20372,20907,8169,3701,4468,2147,1266,881,29662,13435,16227,1245,777,468,133,93,40,1032,486,546,2085,1359,726,117,89,28,6926,3552,3374,0,0,0,724,441,283,898,855,43,251,132,119,0,0,0,41,36,5,135,120,15,810,526,284,318,112,206,577,139,438,2347,655,1692
District - Kancheepuram,Total,60+,7960,4538,3422,1850,956,894,552,366,186,6567,3716,2851,280,193,87,15,15,0,209,131,78,87,55,32,6,3,3,1082,487,595,0,0,0,96,46,50,40,32,8,43,26,17,0,0,0,18,18,0,19,17,2,100,86,14,20,9,11,86,33,53,590,261,329
District - Kancheepuram,Total,Unknown,156,96,60,15,7,8,9,2,7,43,17,26,6,6,0,0,0,0,0,0,0,9,6,3,0,0,0,16,7,9,0,0,0,0,0,0,6,6,0,0,0,0,0,0,0,0,0,0,0,0,0,0,0,0,6,6,0,0,0,0,76,53,23
District - Kancheepuram,Rural,15-34,29666,14837,14829,5744,2818,2926,1504,819,685,18566,8322,10244,506,308,198,64,38,26,552,202,350,3784,2236,1548,24,2,22,3838,1936,1902,0,0,0,444,302,142,866,862,4,268,222,46,2,2,0,100,72,28,114,88,26,552,358,194,332,182,150,604,154,450,3290,1550,1740
District - Kancheepuram,Rural,35-59,32392,15231,17161,6382,2660,3722,1979,1154,825,27085,12079,15006,912,534,378,58,48,10,714,312,402,1074,696,378,66,54,12,4322,1698,2624,0,0,0,322,200,122,392,376,16,104,54,50,0,0,0,2,2,0,24,24,0,436,238,198,138,52,86,380,98,282,766,272,494
District - Kancheepuram,Rural,60+,6687,3765,2922,1550,761,789,508,337,171,6089,3425,2664,168,108,60,6,6,0,172,104,68,32,18,14,0,0,0,808,310,498,0,0,0,38,14,24,22,14,8,20,12,8,0,0,0,12,12,0,6,6,0,30,24,6,4,0,4,60,24,36,262,112,150
District - Kancheepuram,Rural,Unknown,132,84,48,15,7,8,9,2,7,38,13,25,6,6,0,0,0,0,0,0,0,6,6,0,0,0,0,8,2,6,0,0,0,0,0,0,6,6,0,0,0,0,0,0,0,0,0,0,0,0,0,0,0,0,6,6,0,0,0,0,68,50,18
District - Kancheepuram,Urban,15-34,10414,6118,4296,1800,1124,676,145,75,70,1631,928,703,164,114,50,63,44,19,237,112,125,2123,1232,891,46,41,5,1955,1497,458,0,0,0,402,278,124,589,580,9,118,90,28,0,0,0,143,99,44,94,80,14,508,370,138,221,59,162,131,22,109,3644,1621,2023
District - Kancheepuram,Urban,35-59,8887,5141,3746,1787,1041,746,168,112,56,2577,1356,1221,333,243,90,75,45,30,318,174,144,1011,663,348,51,35,16,2604,1854,750,0,0,0,402,241,161,506,479,27,147,78,69,0,0,0,39,34,5,111,96,15,374,288,86,180,60,120,197,41,156,1581,383,1198
District - Kancheepuram,Urban,60+,1273,773,500,300,195,105,44,29,15,478,291,187,112,85,27,9,9,0,37,27,10,55,37,18,6,3,3,274,177,97,0,0,0,58,32,26,18,18,0,23,14,9,0,0,0,6,6,0,13,11,2,70,62,8,16,9,7,26,9,17,328,149,179
District - Kancheepuram,Urban,Unknown,24,12,12,0,0,0,0,0,0,5,4,1,0,0,0,0,0,0,0,0,0,3,0,3,0,0,0,8,5,3,0,0,0,0,0,0,0,0,0,0,0,0,0,0,0,0,0,0,0,0,0,0,0,0,0,0,0,0,0,0,8,3,5
District - Vellore,Total,15-34,31600,16601,14999,6926,3313,3613,802,397,405,16200,7122,9078,721,418,303,21,16,5,1286,375,911,5523,3182,2341,67,61,6,5718,3381,2337,6,3,3,973,773,200,957,941,16,276,262,14,7,7,0,170,122,48,187,169,18,434,307,127,645,242,403,541,131,410,3992,2005,1987
District - Vellore,Total,35-59,32983,16164,16819,8137,3530,4607,1041,542,499,23034,10438,12596,1369,806,563,36,21,15,1484,588,896,2775,1747,1028,38,30,8,6620,2786,3834,0,0,0,827,619,208,585,562,23,233,165,68,0,0,0,38,30,8,139,128,11,444,315,129,245,85,160,507,127,380,1705,705,1000
District - Vellore,Total,60+,5842,3417,2425,1650,857,793,288,194,94,4743,2723,2020,307,223,84,12,9,3,236,118,118,311,221,90,0,0,0,855,402,453,0,0,0,116,69,47,20,18,2,24,18,6,0,0,0,8,8,0,11,9,2,51,35,16,22,6,16,88,32,56,400,189,211
District - Vellore,Total,Unknown,50,22,28,15,7,8,2,2,0,18,10,8,0,0,0,0,0,0,2,2,0,4,0,4,0,0,0,18,6,12,0,0,0,0,0,0,0,0,0,0,0,0,0,0,0,0,0,0,0,0,0,6,6,0,0,0,0,3,0,3,12,3,9
District - Vellore,Rural,15-34,24991,12726,12265,5223,2348,2875,733,364,369,14849,6545,8304,647,377,270,10,7,3,968,263,705,3871,2197,1674,38,38,0,4431,2356,2075,6,3,3,579,467,112,604,594,10,198,191,7,7,7,0,114,83,31,112,102,10,228,174,54,344,113,231,356,103,253,2119,1090,1029
District - Vellore,Rural,35-59,27233,12903,14330,6245,2562,3683,982,504,478,20920,9468,11452,1141,695,446,32,21,11,1068,376,692,1666,1050,616,20,18,2,5155,1850,3305,0,0,0,418,322,96,299,287,12,122,91,31,0,0,0,18,18,0,74,65,9,292,204,88,109,33,76,341,100,241,821,363,458
District - Vellore,Rural,60+,4975,2889,2086,1356,702,654,273,184,89,4317,2481,1836,240,163,77,9,6,3,166,84,82,207,137,70,0,0,0,740,343,397,0,0,0,57,34,23,6,6,0,10,6,4,0,0,0,6,6,0,3,3,0,36,24,12,2,0,2,54,26,28,205,88,117
District - Vellore,Rural,Unknown,37,14,23,15,7,8,2,2,0,14,8,6,0,0,0,0,0,0,2,2,0,4,0,4,0,0,0,18,6,12,0,0,0,0,0,0,0,0,0,0,0,0,0,0,0,0,0,0,0,0,0,3,3,0,0,0,0,3,0,3,6,0,6
District - Vellore,Urban,15-34,6609,3875,2734,1703,965,738,69,33,36,1351,577,774,74,41,33,11,9,2,318,112,206,1652,985,667,29,23,6,1287,1025,262,0,0,0,394,306,88,353,347,6,78,71,7,0,0,0,56,39,17,75,67,8,206,133,73,301,129,172,185,28,157,1873,915,958
District - Vellore,Urban,35-59,5750,3261,2489,1892,968,924,59,38,21,2114,970,1144,228,111,117,4,0,4,416,212,204,1109,697,412,18,12,6,1465,936,529,0,0,0,409,297,112,286,275,11,111,74,37,0,0,0,20,12,8,65,63,2,152,111,41,136,52,84,166,27,139,884,342,542
District - Vellore,Urban,60+,867,528,339,294,155,139,15,10,5,426,242,184,67,60,7,3,3,0,70,34,36,104,84,20,0,0,0,115,59,56,0,0,0,59,35,24,14,12,2,14,12,2,0,0,0,2,2,0,8,6,2,15,11,4,20,6,14,34,6,28,195,101,94
District - Vellore,Urban,Unknown,13,8,5,0,0,0,0,0,0,4,2,2,0,0,0,0,0,0,0,0,0,0,0,0,0,0,0,0,0,0,0,0,0,0,0,0,0,0,0,0,0,0,0,0,0,0,0,0,0,0,0,3,3,0,0,0,0,0,0,0,6,3,3
District - Tiruvannamalai,Total,15-34,30688,14871,15817,6323,2789,3534,1836,899,937,25591,10553,15038,292,180,112,14,12,2,434,182,252,1534,882,652,44,44,0,2808,2188,620,6,6,0,628,452,176,566,550,16,280,258,22,6,0,6,30,18,12,118,104,14,206,146,60,348,102,246,340,106,234,1930,978,952
District - Tiruvannamalai,Total,35-59,27990,12504,15486,5676,2185,3491,2190,1264,926,26672,10633,16039,370,196,174,12,12,0,272,96,176,506,350,156,30,30,0,1602,1042,560,0,0,0,354,238,116,202,200,2,108,90,18,0,0,0,2,0,2,42,42,0,114,82,32,124,62,62,310,50,260,756,302,454
District - Tiruvannamalai,Total,60+,5670,3099,2571,1502,756,746,557,382,175,5825,2993,2832,132,96,36,0,0,0,80,38,42,28,28,0,0,0,0,164,112,52,0,0,0,98,56,42,18,12,6,10,6,4,0,0,0,6,6,0,2,2,0,12,8,4,14,12,2,72,38,34,154,66,88
District - Tiruvannamalai,Total,Unknown,36,23,13,22,11,11,1,1,0,33,15,18,0,0,0,0,0,0,6,6,0,6,6,0,0,0,0,6,6,0,0,0,0,0,0,0,0,0,0,0,0,0,0,0,0,0,0,0,0,0,0,0,0,0,0,0,0,6,0,6,0,0,0
District - Tiruvannamalai,Rural,15-34,28638,13809,14829,5886,2566,3320,1776,863,913,24610,10132,14478,244,152,92,14,12,2,394,164,230,1344,788,556,32,32,0,2464,1936,528,6,6,0,480,364,116,488,474,14,260,238,22,0,0,0,24,12,12,86,84,2,156,112,44,276,82,194,286,96,190,1584,828,756
District - Tiruvannamalai,Rural,35-59,26273,11686,14587,5263,1994,3269,2141,1245,896,25561,10161,15400,316,180,136,12,12,0,238,78,160,434,310,124,12,12,0,1356,908,448,0,0,0,218,164,54,158,156,2,82,70,12,0,0,0,2,0,2,24,24,0,92,64,28,96,42,54,238,38,200,556,216,340
District - Tiruvannamalai,Rural,60+,5401,2952,2449,1410,711,699,540,374,166,5615,2879,2736,104,72,32,0,0,0,74,38,36,28,28,0,0,0,0,150,106,44,0,0,0,64,48,16,6,6,0,8,6,2,0,0,0,6,6,0,2,2,0,10,6,4,14,12,2,64,32,32,126,48,78
District - Tiruvannamalai,Rural,Unknown,32,22,10,22,11,11,1,1,0,29,14,15,0,0,0,0,0,0,6,6,0,6,6,0,0,0,0,6,6,0,0,0,0,0,0,0,0,0,0,0,0,0,0,0,0,0,0,0,0,0,0,0,0,0,0,0,0,6,0,6,0,0,0
District - Tiruvannamalai,Urban,15-34,2050,1062,988,437,223,214,60,36,24,981,421,560,48,28,20,0,0,0,40,18,22,190,94,96,12,12,0,344,252,92,0,0,0,148,88,60,78,76,2,20,20,0,6,0,6,6,6,0,32,20,12,50,34,16,72,20,52,54,10,44,346,150,196
District - Tiruvannamalai,Urban,35-59,1717,818,899,413,191,222,49,19,30,1111,472,639,54,16,38,0,0,0,34,18,16,72,40,32,18,18,0,246,134,112,0,0,0,136,74,62,44,44,0,26,20,6,0,0,0,0,0,0,18,18,0,22,18,4,28,20,8,72,12,60,200,86,114
District - Tiruvannamalai,Urban,60+,269,147,122,92,45,47,17,8,9,210,114,96,28,24,4,0,0,0,6,0,6,0,0,0,0,0,0,14,6,8,0,0,0,34,8,26,12,6,6,2,0,2,0,0,0,0,0,0,0,0,0,2,2,0,0,0,0,8,6,2,28,18,10
District - Tiruvannamalai,Urban,Unknown,4,1,3,0,0,0,0,0,0,4,1,3,0,0,0,0,0,0,0,0,0,0,0,0,0,0,0,0,0,0,0,0,0,0,0,0,0,0,0,0,0,0,0,0,0,0,0,0,0,0,0,0,0,0,0,0,0,0,0,0,0,0,0
District - Viluppuram,Total,15-34,63724,30567,33157,10679,4608,6071,3222,1618,1604,54509,23527,30982,642,450,192,108,68,40,724,264,460,1944,1272,672,20,14,6,4030,2688,1342,24,24,0,1178,856,322,954,938,16,378,352,26,0,0,0,116,84,32,98,84,14,320,198,122,588,256,332,1252,342,910,4296,2140,2156
District - Viluppuram,Total,35-59,58895,26675,32220,9594,3701,5893,3482,1908,1574,55863,23762,32101,810,446,364,176,98,78,578,238,340,718,522,196,38,32,6,2840,1266,1574,8,8,0,568,382,186,386,386,0,138,96,42,0,0,0,32,24,8,32,32,0,240,166,74,194,70,124,794,196,598,1592,744,848
District - Viluppuram,Total,60+,11607,6462,5145,2545,1319,1226,868,588,280,11688,6383,5305,192,108,84,52,26,26,146,74,72,64,52,12,12,12,0,364,134,230,0,0,0,118,86,32,12,12,0,8,0,8,0,0,0,0,0,0,0,0,0,56,44,12,0,0,0,190,48,142,382,214,168
District - Viluppuram,Total,Unknown,176,85,91,26,10,16,6,2,4,124,61,63,6,6,0,0,0,0,0,0,0,0,0,0,0,0,0,0,0,0,0,0,0,4,2,2,0,0,0,0,0,0,0,0,0,0,0,0,0,0,0,0,0,0,0,0,0,0,0,0,62,24,38
District - Viluppuram,Rural,15-34,60009,28427,31582,9767,4124,5643,3179,1588,1591,52923,22729,30194,560,390,170,32,20,12,670,252,418,1724,1118,606,12,12,0,3412,2188,1224,24,24,0,928,666,262,826,810,16,326,310,16,0,0,0,92,60,32,68,56,12,232,148,84,512,226,286,1020,286,734,3236,1668,1568
District - Viluppuram,Rural,35-59,55433,24613,30820,8624,3216,5408,3415,1857,1558,53872,22726,31146,670,350,320,50,36,14,500,212,288,568,400,168,24,24,0,2304,892,1412,8,8,0,396,262,134,236,236,0,84,60,24,0,0,0,24,18,6,14,14,0,140,104,36,128,56,72,610,146,464,1014,428,586
District - Viluppuram,Rural,60+,11040,6094,4946,2381,1229,1152,836,560,276,11337,6155,5182,158,82,76,10,6,4,140,74,66,56,44,12,6,6,0,338,116,222,0,0,0,84,56,28,6,6,0,2,0,2,0,0,0,0,0,0,0,0,0,26,24,2,0,0,0,140,42,98,282,152,130
District - Viluppuram,Rural,Unknown,120,55,65,26,10,16,6,2,4,124,61,63,0,0,0,0,0,0,0,0,0,0,0,0,0,0,0,0,0,0,0,0,0,4,2,2,0,0,0,0,0,0,0,0,0,0,0,0,0,0,0,0,0,0,0,0,0,0,0,0,12,0,12
District - Viluppuram,Urban,15-34,3715,2140,1575,912,484,428,43,30,13,1586,798,788,82,60,22,76,48,28,54,12,42,220,154,66,8,2,6,618,500,118,0,0,0,250,190,60,128,128,0,52,42,10,0,0,0,24,24,0,30,28,2,88,50,38,76,30,46,232,56,176,1060,472,588
District - Viluppuram,Urban,35-59,3462,2062,1400,970,485,485,67,51,16,1991,1036,955,140,96,44,126,62,64,78,26,52,150,122,28,14,8,6,536,374,162,0,0,0,172,120,52,150,150,0,54,36,18,0,0,0,8,6,2,18,18,0,100,62,38,66,14,52,184,50,134,578,316,262
District - Viluppuram,Urban,60+,567,368,199,164,90,74,32,28,4,351,228,123,34,26,8,42,20,22,6,0,6,8,8,0,6,6,0,26,18,8,0,0,0,34,30,4,6,6,0,6,0,6,0,0,0,0,0,0,0,0,0,30,20,10,0,0,0,50,6,44,100,62,38
District - Viluppuram,Urban,Unknown,56,30,26,0,0,0,0,0,0,0,0,0,6,6,0,0,0,0,0,0,0,0,0,0,0,0,0,0,0,0,0,0,0,0,0,0,0,0,0,0,0,0,0,0,0,0,0,0,0,0,0,0,0,0,0,0,0,0,0,0,50,24,26
District - Salem,Total,15-34,10503,4860,5643,1751,847,904,294,123,171,6351,2340,4011,196,79,117,47,35,12,183,37,146,1036,665,371,29,26,3,1550,928,622,3,3,0,344,255,89,338,324,14,39,26,13,0,0,0,47,41,6,63,45,18,169,131,38,306,85,221,95,9,86,1164,555,609
District - Salem,Total,35-59,11627,4874,6753,2024,760,1264,330,150,180,8673,3125,5548,323,147,176,63,32,31,169,53,116,739,437,302,57,38,19,1599,658,941,0,0,0,300,187,113,221,210,11,69,36,33,0,0,0,23,18,5,54,48,6,168,136,32,137,53,84,74,12,62,652,294,358
District - Salem,Total,60+,2674,1340,1334,673,289,384,104,56,48,2349,1095,1254,104,56,48,12,12,0,72,33,39,96,71,25,5,3,2,283,102,181,0,0,0,62,45,17,18,18,0,0,0,0,0,0,0,0,0,0,9,9,0,35,35,0,4,0,4,30,12,18,164,82,82
District - Salem,Total,Unknown,10,4,6,1,0,1,3,0,3,4,2,2,0,0,0,0,0,0,0,0,0,2,2,0,0,0,0,0,0,0,0,0,0,0,0,0,0,0,0,0,0,0,0,0,0,0,0,0,0,0,0,0,0,0,0,0,0,0,0,0,2,0,2
District - Salem,Rural,15-34,7068,3025,4043,995,394,601,235,104,131,5136,1829,3307,126,49,77,38,26,12,106,16,90,453,295,158,17,17,0,974,497,477,0,0,0,156,114,42,212,198,14,9,3,6,0,0,0,11,11,0,15,9,6,51,39,12,136,35,101,45,3,42,343,174,169
District - Salem,Rural,35-59,8201,3219,4982,1166,368,798,277,131,146,6813,2425,4388,207,109,98,58,29,29,79,32,47,273,166,107,21,18,3,1045,297,748,0,0,0,123,78,45,108,105,3,17,9,8,0,0,0,6,6,0,21,18,3,36,29,7,63,26,37,33,6,27,187,103,84
District - Salem,Rural,60+,1990,964,1026,453,179,274,91,50,41,1856,851,1005,76,45,31,12,12,0,47,21,26,39,22,17,0,0,0,198,53,145,0,0,0,30,27,3,6,6,0,0,0,0,0,0,0,0,0,0,3,3,0,6,6,0,2,0,2,18,12,6,59,35,24
District - Salem,Rural,Unknown,7,4,3,1,0,1,2,0,2,4,2,2,0,0,0,0,0,0,0,0,0,2,2,0,0,0,0,0,0,0,0,0,0,0,0,0,0,0,0,0,0,0,0,0,0,0,0,0,0,0,0,0,0,0,0,0,0,0,0,0,0,0,0
District - Salem,Urban,15-34,3435,1835,1600,756,453,303,59,19,40,1215,511,704,70,30,40,9,9,0,77,21,56,583,370,213,12,9,3,576,431,145,3,3,0,188,141,47,126,126,0,30,23,7,0,0,0,36,30,6,48,36,12,118,92,26,170,50,120,50,6,44,821,381,440
District - Salem,Urban,35-59,3426,1655,1771,858,392,466,53,19,34,1860,700,1160,116,38,78,5,3,2,90,21,69,466,271,195,36,20,16,554,361,193,0,0,0,177,109,68,113,105,8,52,27,25,0,0,0,17,12,5,33,30,3,132,107,25,74,27,47,41,6,35,465,191,274
District - Salem,Urban,60+,684,376,308,220,110,110,13,6,7,493,244,249,28,11,17,0,0,0,25,12,13,57,49,8,5,3,2,85,49,36,0,0,0,32,18,14,12,12,0,0,0,0,0,0,0,0,0,0,6,6,0,29,29,0,2,0,2,12,0,12,105,47,58
District - Salem,Urban,Unknown,3,0,3,0,0,0,1,0,1,0,0,0,0,0,0,0,0,0,0,0,0,0,0,0,0,0,0,0,0,0,0,0,0,0,0,0,0,0,0,0,0,0,0,0,0,0,0,0,0,0,0,0,0,0,0,0,0,0,0,0,2,0,2
District - Namakkal,Total,15-34,5853,2558,3295,641,203,438,248,93,155,3546,1212,2334,196,94,102,0,0,0,68,8,60,298,194,104,4,2,2,622,388,234,0,0,0,194,156,38,176,170,6,22,18,4,0,0,0,36,30,6,26,18,8,70,56,14,166,56,110,118,12,106,704,254,450
District - Namakkal,Total,35-59,7319,2979,4340,685,175,510,283,121,162,5827,2113,3714,252,102,150,14,6,8,100,26,74,178,88,90,8,6,2,610,260,350,6,6,0,106,52,54,124,124,0,40,38,2,0,0,0,6,6,0,24,18,6,38,28,10,60,18,42,92,44,48,236,98,138
District - Namakkal,Total,60+,2103,1091,1012,355,155,200,77,46,31,1947,928,1019,64,44,20,0,0,0,24,24,0,40,24,16,2,0,2,146,96,50,0,0,0,16,6,10,0,0,0,0,0,0,0,0,0,0,0,0,6,6,0,6,6,0,6,0,6,22,6,16,102,60,42
District - Namakkal,Total,Unknown,11,5,6,0,0,0,0,0,0,11,5,6,0,0,0,0,0,0,0,0,0,0,0,0,0,0,0,0,0,0,0,0,0,0,0,0,0,0,0,0,0,0,0,0,0,0,0,0,0,0,0,0,0,0,0,0,0,0,0,0,0,0,0
District - Namakkal,Rural,15-34,4633,1954,2679,524,159,365,170,60,110,3159,1071,2088,188,86,102,0,0,0,42,6,36,212,132,80,0,0,0,450,270,180,0,0,0,132,112,20,136,136,0,8,6,2,0,0,0,24,24,0,10,10,0,34,28,6,122,36,86,94,12,82,376,124,252
District - Namakkal,Rural,35-59,6032,2414,3618,605,161,444,197,74,123,5014,1825,3189,228,96,132,14,6,8,68,26,42,118,70,48,0,0,0,494,184,310,0,0,0,66,46,20,82,82,0,32,32,0,0,0,0,6,6,0,12,6,6,26,22,4,54,18,36,86,38,48,140,44,96
District - Namakkal,Rural,60+,1773,915,858,309,137,172,70,42,28,1668,788,880,62,44,18,0,0,0,24,24,0,38,24,14,0,0,0,122,78,44,0,0,0,4,0,4,0,0,0,0,0,0,0,0,0,0,0,0,6,6,0,6,6,0,6,0,6,22,6,16,54,34,20
District - Namakkal,Rural,Unknown,9,5,4,0,0,0,0,0,0,9,5,4,0,0,0,0,0,0,0,0,0,0,0,0,0,0,0,0,0,0,0,0,0,0,0,0,0,0,0,0,0,0,0,0,0,0,0,0,0,0,0,0,0,0,0,0,0,0,0,0,0,0,0
District - Namakkal,Urban,15-34,1220,604,616,117,44,73,78,33,45,387,141,246,8,8,0,0,0,0,26,2,24,86,62,24,4,2,2,172,118,54,0,0,0,62,44,18,40,34,6,14,12,2,0,0,0,12,6,6,16,8,8,36,28,8,44,20,24,24,0,24,328,130,198
District - Namakkal,Urban,35-59,1287,565,722,80,14,66,86,47,39,813,288,525,24,6,18,0,0,0,32,0,32,60,18,42,8,6,2,116,76,40,6,6,0,40,6,34,42,42,0,8,6,2,0,0,0,0,0,0,12,12,0,12,6,6,6,0,6,6,6,0,96,54,42
District - Namakkal,Urban,60+,330,176,154,46,18,28,7,4,3,279,140,139,2,0,2,0,0,0,0,0,0,2,0,2,2,0,2,24,18,6,0,0,0,12,6,6,0,0,0,0,0,0,0,0,0,0,0,0,0,0,0,0,0,0,0,0,0,0,0,0,48,26,22
District - Namakkal,Urban,Unknown,2,0,2,0,0,0,0,0,0,2,0,2,0,0,0,0,0,0,0,0,0,0,0,0,0,0,0,0,0,0,0,0,0,0,0,0,0,0,0,0,0,0,0,0,0,0,0,0,0,0,0,0,0,0,0,0,0,0,0,0,0,0,0
District - Erode,Total,15-34,6651,3089,3562,1244,585,659,139,65,74,4668,1926,2742,129,58,71,14,12,2,125,34,91,800,498,302,6,3,3,558,346,212,5,5,0,169,115,54,145,131,14,3,3,0,0,0,0,24,18,6,44,26,18,68,51,17,120,46,74,121,14,107,757,323,434
District - Erode,Total,35-59,7822,3351,4471,1408,544,864,125,61,64,7049,2858,4191,268,132,136,2,0,2,144,51,93,295,159,136,14,9,5,568,260,308,3,3,0,133,55,78,51,33,18,8,6,2,0,0,0,9,6,3,24,24,0,80,42,38,55,15,40,92,32,60,310,149,161
District - Erode,Total,60+,1997,1099,898,555,262,293,63,31,32,1917,1043,874,109,64,45,0,0,0,69,25,44,61,39,22,9,0,9,123,64,59,0,0,0,28,12,16,0,0,0,0,0,0,0,0,0,0,0,0,0,0,0,17,11,6,3,3,0,22,9,13,131,60,71
District - Erode,Total,Unknown,10,0,10,9,1,8,0,0,0,7,1,6,0,0,0,0,0,0,0,0,0,0,0,0,0,0,0,0,0,0,0,0,0,0,0,0,0,0,0,0,0,0,0,0,0,0,0,0,0,0,0,6,0,6,0,0,0,0,0,0,6,0,6
District - Erode,Rural,15-34,4842,2148,2694,772,375,397,115,52,63,3583,1485,2098,96,40,56,14,12,2,74,22,52,496,322,174,0,0,0,382,208,174,0,0,0,56,44,12,98,92,6,0,0,0,0,0,0,6,0,6,20,8,12,30,24,6,66,28,38,108,12,96,470,174,296
District - Erode,Rural,35-59,5748,2428,3320,854,333,521,105,51,54,5341,2170,3171,232,112,120,2,0,2,62,28,34,118,62,56,0,0,0,378,156,222,0,0,0,64,26,38,24,18,6,2,0,2,0,0,0,0,0,0,6,6,0,44,20,24,16,6,10,66,26,40,142,80,62
District - Erode,Rural,60+,1468,819,649,372,188,184,55,26,29,1427,807,620,86,52,34,0,0,0,40,8,32,36,30,6,2,0,2,98,44,54,0,0,0,22,6,16,0,0,0,0,0,0,0,0,0,0,0,0,0,0,0,8,8,0,0,0,0,14,6,8,52,20,32
District - Erode,Rural,Unknown,10,0,10,9,1,8,0,0,0,7,1,6,0,0,0,0,0,0,0,0,0,0,0,0,0,0,0,0,0,0,0,0,0,0,0,0,0,0,0,0,0,0,0,0,0,0,0,0,0,0,0,6,0,6,0,0,0,0,0,0,6,0,6
District - Erode,Urban,15-34,1809,941,868,472,210,262,24,13,11,1085,441,644,33,18,15,0,0,0,51,12,39,304,176,128,6,3,3,176,138,38,5,5,0,113,71,42,47,39,8,3,3,0,0,0,0,18,18,0,24,18,6,38,27,11,54,18,36,13,2,11,287,149,138
District - Erode,Urban,35-59,2074,923,1151,554,211,343,20,10,10,1708,688,1020,36,20,16,0,0,0,82,23,59,177,97,80,14,9,5,190,104,86,3,3,0,69,29,40,27,15,12,6,6,0,0,0,0,9,6,3,18,18,0,36,22,14,39,9,30,26,6,20,168,69,99
District - Erode,Urban,60+,529,280,249,183,74,109,8,5,3,490,236,254,23,12,11,0,0,0,29,17,12,25,9,16,7,0,7,25,20,5,0,0,0,6,6,0,0,0,0,0,0,0,0,0,0,0,0,0,0,0,0,9,3,6,3,3,0,8,3,5,79,40,39
District - Erode,Urban,Unknown,0,0,0,0,0,0,0,0,0,0,0,0,0,0,0,0,0,0,0,0,0,0,0,0,0,0,0,0,0,0,0,0,0,0,0,0,0,0,0,0,0,0,0,0,0,0,0,0,0,0,0,0,0,0,0,0,0,0,0,0,0,0,0
District - The Nilgiris,Total,15-34,4250,2434,1816,616,345,271,106,55,51,952,506,446,1224,578,646,0,0,0,60,24,36,256,146,110,32,30,2,504,414,90,0,0,0,172,126,46,176,170,6,16,16,0,0,0,0,18,12,6,18,12,6,52,50,2,90,26,64,36,8,28,1154,606,548
District - The Nilgiris,Total,35-59,4446,2247,2199,757,390,367,78,40,38,1379,675,704,2332,996,1336,6,6,0,56,20,36,126,106,20,12,6,6,538,402,136,0,0,0,90,62,28,118,112,6,36,26,10,0,0,0,2,0,2,32,26,6,66,52,14,42,18,24,32,12,20,258,78,180
District - The Nilgiris,Total,60+,882,530,352,227,113,114,28,17,11,247,130,117,538,320,218,0,0,0,14,12,2,32,32,0,2,2,0,98,66,32,0,0,0,8,6,2,0,0,0,4,0,4,0,0,0,0,0,0,0,0,0,0,0,0,8,0,8,28,14,14,102,44,58
District - The Nilgiris,Total,Unknown,1,0,1,0,0,0,1,0,1,0,0,0,0,0,0,0,0,0,0,0,0,0,0,0,0,0,0,0,0,0,0,0,0,0,0,0,0,0,0,0,0,0,0,0,0,0,0,0,0,0,0,0,0,0,0,0,0,0,0,0,0,0,0
District - The Nilgiris,Rural,15-34,1306,743,563,286,147,139,66,33,33,380,175,205,492,250,242,0,0,0,14,6,8,80,56,24,12,12,0,78,56,22,0,0,0,34,28,6,62,56,6,2,2,0,0,0,0,0,0,0,0,0,0,0,0,0,42,18,24,8,2,6,322,196,126
District - The Nilgiris,Rural,35-59,1386,653,733,386,214,172,54,25,29,520,232,288,870,398,472,0,0,0,40,18,22,50,50,0,0,0,0,72,54,18,0,0,0,26,20,6,24,24,0,6,6,0,0,0,0,0,0,0,8,2,6,24,12,12,18,0,18,20,6,14,40,20,20
District - The Nilgiris,Rural,60+,370,226,144,92,45,47,17,11,6,105,62,43,224,136,88,0,0,0,6,6,0,6,6,0,0,0,0,20,6,14,0,0,0,8,6,2,0,0,0,0,0,0,0,0,0,0,0,0,0,0,0,0,0,0,6,0,6,20,14,6,50,24,26
District - The Nilgiris,Rural,Unknown,1,0,1,0,0,0,1,0,1,0,0,0,0,0,0,0,0,0,0,0,0,0,0,0,0,0,0,0,0,0,0,0,0,0,0,0,0,0,0,0,0,0,0,0,0,0,0,0,0,0,0,0,0,0,0,0,0,0,0,0,0,0,0
District - The Nilgiris,Urban,15-34,2944,1691,1253,330,198,132,40,22,18,572,331,241,732,328,404,0,0,0,46,18,28,176,90,86,20,18,2,426,358,68,0,0,0,138,98,40,114,114,0,14,14,0,0,0,0,18,12,6,18,12,6,52,50,2,48,8,40,28,6,22,832,410,422
District - The Nilgiris,Urban,35-59,3060,1594,1466,371,176,195,24,15,9,859,443,416,1462,598,864,6,6,0,16,2,14,76,56,20,12,6,6,466,348,118,0,0,0,64,42,22,94,88,6,30,20,10,0,0,0,2,0,2,24,24,0,42,40,2,24,18,6,12,6,6,218,58,160
District - The Nilgiris,Urban,60+,512,304,208,135,68,67,11,6,5,142,68,74,314,184,130,0,0,0,8,6,2,26,26,0,2,2,0,78,60,18,0,0,0,0,0,0,0,0,0,4,0,4,0,0,0,0,0,0,0,0,0,0,0,0,2,0,2,8,0,8,52,20,32
District - The Nilgiris,Urban,Unknown,0,0,0,0,0,0,0,0,0,0,0,0,0,0,0,0,0,0,0,0,0,0,0,0,0,0,0,0,0,0,0,0,0,0,0,0,0,0,0,0,0,0,0,0,0,0,0,0,0,0,0,0,0,0,0,0,0,0,0,0,0,0,0
District - Dindigul,Total,15-34,12553,5943,6610,2227,970,1257,399,203,196,8590,3625,4965,250,122,128,17,17,0,241,52,189,926,521,405,13,8,5,1373,736,637,0,0,0,439,357,82,251,251,0,50,42,8,0,0,0,40,28,12,47,40,7,70,32,38,182,66,116,271,81,190,1621,732,889
District - Dindigul,Total,35-59,14083,6214,7869,2422,826,1596,377,167,210,11517,4732,6785,465,179,286,28,20,8,304,98,206,364,223,141,10,8,2,1800,718,1082,0,0,0,267,170,97,101,101,0,90,51,39,0,0,0,8,6,2,106,83,23,132,108,24,83,30,53,122,18,104,731,328,403
District - Dindigul,Total,60+,3186,1636,1550,746,352,394,113,57,56,2753,1371,1382,127,75,52,12,6,6,67,40,27,85,55,30,9,9,0,312,104,208,0,0,0,68,53,15,11,11,0,6,0,6,0,0,0,0,0,0,12,12,0,24,18,6,0,0,0,25,18,7,308,159,149
District - Dindigul,Total,Unknown,27,15,12,1,1,0,1,1,0,9,3,6,0,0,0,0,0,0,0,0,0,0,0,0,0,0,0,6,6,0,0,0,0,6,6,0,0,0,0,0,0,0,0,0,0,0,0,0,0,0,0,0,0,0,0,0,0,0,0,0,6,0,6
District - Dindigul,Rural,15-34,9898,4630,5268,1889,795,1094,353,183,170,7590,3188,4402,180,86,94,0,0,0,176,36,140,726,410,316,6,6,0,942,468,474,0,0,0,276,234,42,182,182,0,16,8,8,0,0,0,22,22,0,30,28,2,30,12,18,104,36,68,194,66,128,960,460,500
District - Dindigul,Rural,35-59,11163,4877,6286,2139,710,1429,324,156,168,9922,4081,5841,320,128,192,22,14,8,218,68,150,242,148,94,2,2,0,1342,484,858,0,0,0,118,68,50,42,42,0,46,30,16,0,0,0,0,0,0,88,68,20,92,82,10,26,6,20,90,12,78,408,198,210
District - Dindigul,Rural,60+,2506,1270,1236,625,295,330,102,53,49,2335,1144,1191,76,54,22,0,0,0,48,32,16,70,40,30,6,6,0,240,68,172,0,0,0,36,32,4,0,0,0,4,0,4,0,0,0,0,0,0,12,12,0,18,12,6,0,0,0,20,18,2,164,94,70
District - Dindigul,Rural,Unknown,21,9,12,1,1,0,1,1,0,9,3,6,0,0,0,0,0,0,0,0,0,0,0,0,0,0,0,0,0,0,0,0,0,6,6,0,0,0,0,0,0,0,0,0,0,0,0,0,0,0,0,0,0,0,0,0,0,0,0,0,6,0,6
District - Dindigul,Urban,15-34,2655,1313,1342,338,175,163,46,20,26,1000,437,563,70,36,34,17,17,0,65,16,49,200,111,89,7,2,5,431,268,163,0,0,0,163,123,40,69,69,0,34,34,0,0,0,0,18,6,12,17,12,5,40,20,20,78,30,48,77,15,62,661,272,389
District - Dindigul,Urban,35-59,2920,1337,1583,283,116,167,53,11,42,1595,651,944,145,51,94,6,6,0,86,30,56,122,75,47,8,6,2,458,234,224,0,0,0,149,102,47,59,59,0,44,21,23,0,0,0,8,6,2,18,15,3,40,26,14,57,24,33,32,6,26,323,130,193
District - Dindigul,Urban,60+,680,366,314,121,57,64,11,4,7,418,227,191,51,21,30,12,6,6,19,8,11,15,15,0,3,3,0,72,36,36,0,0,0,32,21,11,11,11,0,2,0,2,0,0,0,0,0,0,0,0,0,6,6,0,0,0,0,5,0,5,144,65,79
District - Dindigul,Urban,Unknown,6,6,0,0,0,0,0,0,0,0,0,0,0,0,0,0,0,0,0,0,0,0,0,0,0,0,0,6,6,0,0,0,0,0,0,0,0,0,0,0,0,0,0,0,0,0,0,0,0,0,0,0,0,0,0,0,0,0,0,0,0,0,0
District - Karur,Total,15-34,2815,1344,1471,647,270,377,54,27,27,1806,671,1135,106,56,50,2,2,0,26,8,18,560,364,196,6,0,6,292,152,140,0,0,0,70,40,30,82,70,12,22,20,2,0,0,0,6,0,6,18,6,12,30,18,12,70,26,44,30,6,24,282,148,134
District - Karur,Total,35-59,3708,1477,2231,670,249,421,78,40,38,2864,1030,1834,288,126,162,6,6,0,60,24,36,262,158,104,6,0,6,376,124,252,0,0,0,22,2,20,68,62,6,18,0,18,0,0,0,6,6,0,14,14,0,60,42,18,40,18,22,6,0,6,204,74,130
District - Karur,Total,60+,957,439,518,247,118,129,40,27,13,884,402,482,58,32,26,0,0,0,22,6,16,44,24,20,0,0,0,64,24,40,0,0,0,18,6,12,6,6,0,6,6,0,0,0,0,0,0,0,0,0,0,12,6,6,2,0,2,8,0,8,40,18,22
District - Karur,Total,Unknown,2,1,1,0,0,0,0,0,0,2,1,1,0,0,0,0,0,0,0,0,0,0,0,0,0,0,0,0,0,0,0,0,0,0,0,0,0,0,0,0,0,0,0,0,0,0,0,0,0,0,0,0,0,0,0,0,0,0,0,0,0,0,0
District - Karur,Rural,15-34,2080,954,1126,338,136,202,44,23,21,1544,561,983,64,30,34,2,2,0,0,0,0,310,246,64,0,0,0,178,66,112,0,0,0,46,28,18,34,34,0,20,18,2,0,0,0,0,0,0,12,0,12,18,12,6,44,18,26,12,0,12,90,52,38
District - Karur,Rural,35-59,2547,949,1598,317,102,215,60,33,27,2214,780,1434,118,46,72,0,0,0,26,6,20,78,56,22,0,0,0,238,60,178,0,0,0,4,2,2,0,0,0,18,0,18,0,0,0,0,0,0,8,8,0,24,24,0,8,6,2,0,0,0,68,30,38
District - Karur,Rural,60+,712,315,397,144,70,74,34,23,11,704,314,390,30,18,12,0,0,0,12,6,6,2,0,2,0,0,0,42,12,30,0,0,0,14,6,8,0,0,0,0,0,0,0,0,0,0,0,0,0,0,0,0,0,0,0,0,0,8,0,8,10,6,4
District - Karur,Rural,Unknown,1,0,1,0,0,0,0,0,0,1,0,1,0,0,0,0,0,0,0,0,0,0,0,0,0,0,0,0,0,0,0,0,0,0,0,0,0,0,0,0,0,0,0,0,0,0,0,0,0,0,0,0,0,0,0,0,0,0,0,0,0,0,0
District - Karur,Urban,15-34,735,390,345,309,134,175,10,4,6,262,110,152,42,26,16,0,0,0,26,8,18,250,118,132,6,0,6,114,86,28,0,0,0,24,12,12,48,36,12,2,2,0,0,0,0,6,0,6,6,6,0,12,6,6,26,8,18,18,6,12,192,96,96
District - Karur,Urban,35-59,1161,528,633,353,147,206,18,7,11,650,250,400,170,80,90,6,6,0,34,18,16,184,102,82,6,0,6,138,64,74,0,0,0,18,0,18,68,62,6,0,0,0,0,0,0,6,6,0,6,6,0,36,18,18,32,12,20,6,0,6,136,44,92
District - Karur,Urban,60+,245,124,121,103,48,55,6,4,2,180,88,92,28,14,14,0,0,0,10,0,10,42,24,18,0,0,0,22,12,10,0,0,0,4,0,4,6,6,0,6,6,0,0,0,0,0,0,0,0,0,0,12,6,6,2,0,2,0,0,0,30,12,18
District - Karur,Urban,Unknown,1,1,0,0,0,0,0,0,0,1,1,0,0,0,0,0,0,0,0,0,0,0,0,0,0,0,0,0,0,0,0,0,0,0,0,0,0,0,0,0,0,0,0,0,0,0,0,0,0,0,0,0,0,0,0,0,0,0,0,0,0,0,0
District - Tiruchirappalli,Total,15-34,11243,5726,5517,1866,895,971,463,220,243,6552,2712,3840,162,69,93,12,12,0,129,39,90,862,609,253,14,8,6,1238,846,392,0,0,0,516,356,160,287,270,17,162,151,11,6,6,0,82,54,28,76,58,18,240,175,65,335,94,241,161,35,126,1812,907,905
District - Tiruchirappalli,Total,35-59,12023,5303,6720,1906,724,1182,629,282,347,9579,3748,5831,315,152,163,9,6,3,125,45,80,374,277,97,17,6,11,1237,616,621,0,0,0,313,228,85,200,195,5,89,62,27,0,0,0,11,3,8,46,37,9,150,112,38,107,24,83,70,22,48,658,212,446
District - Tiruchirappalli,Total,60+,2859,1420,1439,628,272,356,176,95,81,2618,1205,1413,94,71,23,3,3,0,27,16,11,55,48,7,13,3,10,183,58,125,0,0,0,38,30,8,14,12,2,24,18,6,0,0,0,0,0,0,8,6,2,35,26,9,8,6,2,14,0,14,177,95,82
District - Tiruchirappalli,Total,Unknown,17,12,5,6,1,5,1,1,0,16,6,10,0,0,0,0,0,0,0,0,0,3,3,0,0,0,0,0,0,0,0,0,0,0,0,0,0,0,0,0,0,0,0,0,0,0,0,0,0,0,0,0,0,0,0,0,0,0,0,0,3,3,0
District - Tiruchirappalli,Rural,15-34,8135,3805,4330,1157,549,608,416,196,220,5774,2346,3428,76,26,50,12,12,0,76,22,54,450,320,130,0,0,0,708,412,296,0,0,0,252,158,94,144,138,6,114,112,2,6,6,0,26,26,0,42,24,18,98,84,14,236,70,166,96,30,66,766,372,394
District - Tiruchirappalli,Rural,35-59,8931,3555,5376,1296,491,805,552,242,310,8293,3180,5113,192,92,100,6,6,0,36,14,22,88,56,32,6,6,0,562,184,378,0,0,0,82,66,16,62,62,0,42,36,6,0,0,0,2,0,2,12,12,0,24,18,6,26,0,26,46,18,28,196,54,142
District - Tiruchirappalli,Rural,60+,2269,1076,1193,486,200,286,159,82,77,2282,1048,1234,56,38,18,0,0,0,8,6,2,24,24,0,0,0,0,124,30,94,0,0,0,8,6,2,0,0,0,10,6,4,0,0,0,0,0,0,2,0,2,8,6,2,0,0,0,2,0,2,72,30,42
District - Tiruchirappalli,Rural,Unknown,6,3,3,3,1,2,1,1,0,8,3,5,0,0,0,0,0,0,0,0,0,0,0,0,0,0,0,0,0,0,0,0,0,0,0,0,0,0,0,0,0,0,0,0,0,0,0,0,0,0,0,0,0,0,0,0,0,0,0,0,0,0,0
District - Tiruchirappalli,Urban,15-34,3108,1921,1187,709,346,363,47,24,23,778,366,412,86,43,43,0,0,0,53,17,36,412,289,123,14,8,6,530,434,96,0,0,0,264,198,66,143,132,11,48,39,9,0,0,0,56,28,28,34,34,0,142,91,51,99,24,75,65,5,60,1046,535,511
District - Tiruchirappalli,Urban,35-59,3092,1748,1344,610,233,377,77,40,37,1286,568,718,123,60,63,3,0,3,89,31,58,286,221,65,11,0,11,675,432,243,0,0,0,231,162,69,138,133,5,47,26,21,0,0,0,9,3,6,34,25,9,126,94,32,81,24,57,24,4,20,462,158,304
District - Tiruchirappalli,Urban,60+,590,344,246,142,72,70,17,13,4,336,157,179,38,33,5,3,3,0,19,10,9,31,24,7,13,3,10,59,28,31,0,0,0,30,24,6,14,12,2,14,12,2,0,0,0,0,0,0,6,6,0,27,20,7,8,6,2,12,0,12,105,65,40
District - Tiruchirappalli,Urban,Unknown,11,9,2,3,0,3,0,0,0,8,3,5,0,0,0,0,0,0,0,0,0,3,3,0,0,0,0,0,0,0,0,0,0,0,0,0,0,0,0,0,0,0,0,0,0,0,0,0,0,0,0,0,0,0,0,0,0,0,0,0,3,3,0
District - Perambalur,Total,15-34,6866,3149,3717,795,310,485,1250,683,567,5109,2028,3081,42,30,12,0,0,0,30,12,18,54,30,24,0,0,0,84,76,8,0,0,0,110,78,32,42,42,0,78,72,6,0,0,0,0,0,0,0,0,0,26,20,6,90,26,64,78,16,62,668,346,322
District - Perambalur,Total,35-59,7591,3455,4136,618,179,439,1292,728,564,6267,2460,3807,20,18,2,0,0,0,42,12,30,48,48,0,0,0,0,84,72,12,0,0,0,84,78,6,12,12,0,38,38,0,0,0,0,0,0,0,12,12,0,26,20,6,46,6,40,58,6,52,180,124,56
District - Perambalur,Total,60+,1960,1027,933,260,94,166,341,245,96,1747,802,945,2,0,2,0,0,0,0,0,0,12,12,0,6,6,0,6,6,0,0,0,0,2,0,2,2,0,2,6,6,0,0,0,0,0,0,0,0,0,0,2,2,0,0,0,0,30,10,20,64,32,32
District - Perambalur,Total,Unknown,6,2,4,0,0,0,1,1,0,5,1,4,0,0,0,0,0,0,0,0,0,0,0,0,0,0,0,0,0,0,0,0,0,0,0,0,0,0,0,0,0,0,0,0,0,0,0,0,0,0,0,0,0,0,0,0,0,0,0,0,0,0,0
District - Perambalur,Rural,15-34,6384,2911,3473,761,291,470,1241,680,561,4880,1928,2952,24,12,12,0,0,0,18,6,12,54,30,24,0,0,0,50,42,8,0,0,0,104,72,32,42,42,0,78,72,6,0,0,0,0,0,0,0,0,0,24,18,6,60,16,44,72,10,62,498,274,224
District - Perambalur,Rural,35-59,7027,3158,3869,564,144,420,1283,721,562,5856,2263,3593,12,12,0,0,0,0,12,6,6,18,18,0,0,0,0,48,40,8,0,0,0,76,72,4,6,6,0,38,38,0,0,0,0,0,0,0,6,6,0,18,18,0,30,6,24,52,6,46,136,90,46
District - Perambalur,Rural,60+,1811,954,857,241,84,157,327,234,93,1623,746,877,0,0,0,0,0,0,0,0,0,12,12,0,6,6,0,0,0,0,0,0,0,0,0,0,2,0,2,6,6,0,0,0,0,0,0,0,0,0,0,0,0,0,0,0,0,26,8,18,50,26,24
District - Perambalur,Rural,Unknown,5,2,3,0,0,0,1,1,0,4,1,3,0,0,0,0,0,0,0,0,0,0,0,0,0,0,0,0,0,0,0,0,0,0,0,0,0,0,0,0,0,0,0,0,0,0,0,0,0,0,0,0,0,0,0,0,0,0,0,0,0,0,0
District - Perambalur,Urban,15-34,482,238,244,34,19,15,9,3,6,229,100,129,18,18,0,0,0,0,12,6,6,0,0,0,0,0,0,34,34,0,0,0,0,6,6,0,0,0,0,0,0,0,0,0,0,0,0,0,0,0,0,2,2,0,30,10,20,6,6,0,170,72,98
District - Perambalur,Urban,35-59,564,297,267,54,35,19,9,7,2,411,197,214,8,6,2,0,0,0,30,6,24,30,30,0,0,0,0,36,32,4,0,0,0,8,6,2,6,6,0,0,0,0,0,0,0,0,0,0,6,6,0,8,2,6,16,0,16,6,0,6,44,34,10
District - Perambalur,Urban,60+,149,73,76,19,10,9,14,11,3,124,56,68,2,0,2,0,0,0,0,0,0,0,0,0,0,0,0,6,6,0,0,0,0,2,0,2,0,0,0,0,0,0,0,0,0,0,0,0,0,0,0,2,2,0,0,0,0,4,2,2,14,6,8
District - Perambalur,Urban,Unknown,1,0,1,0,0,0,0,0,0,1,0,1,0,0,0,0,0,0,0,0,0,0,0,0,0,0,0,0,0,0,0,0,0,0,0,0,0,0,0,0,0,0,0,0,0,0,0,0,0,0,0,0,0,0,0,0,0,0,0,0,0,0,0
District - Ariyalur,Total,15-34,8666,3940,4726,1778,706,1072,601,298,303,8455,3468,4987,26,8,18,0,0,0,100,36,64,144,74,70,0,0,0,238,160,78,2,2,0,132,114,18,86,86,0,52,46,6,0,0,0,6,6,0,12,12,0,14,12,2,38,18,20,50,20,30,488,286,202
District - Ariyalur,Total,35-59,10487,4548,5939,2061,738,1323,657,337,320,10935,4383,6552,80,38,42,0,0,0,72,48,24,120,80,40,0,0,0,228,126,102,0,0,0,68,50,18,24,24,0,12,12,0,0,0,0,0,0,0,12,12,0,14,14,0,24,20,4,88,26,62,214,116,98
District - Ariyalur,Total,60+,2287,1291,996,606,308,298,158,111,47,2485,1322,1163,34,30,4,0,0,0,44,22,22,6,6,0,0,0,0,42,32,10,0,0,0,12,6,6,0,0,0,6,6,0,0,0,0,0,0,0,0,0,0,0,0,0,0,0,0,14,6,8,92,58,34
District - Ariyalur,Total,Unknown,5,2,3,0,0,0,0,0,0,5,2,3,0,0,0,0,0,0,0,0,0,0,0,0,0,0,0,0,0,0,0,0,0,0,0,0,0,0,0,0,0,0,0,0,0,0,0,0,0,0,0,0,0,0,0,0,0,0,0,0,0,0,0
District - Ariyalur,Rural,15-34,8402,3789,4613,1714,663,1051,589,292,297,8327,3408,4919,26,8,18,0,0,0,88,30,58,138,68,70,0,0,0,176,116,60,2,2,0,106,90,16,80,80,0,46,40,6,0,0,0,6,6,0,12,12,0,14,12,2,26,12,14,40,18,22,440,258,182
District - Ariyalur,Rural,35-59,10043,4302,5741,1957,692,1265,635,322,313,10661,4250,6411,70,30,40,0,0,0,58,42,16,108,68,40,0,0,0,156,102,54,0,0,0,44,26,18,24,24,0,12,12,0,0,0,0,0,0,0,6,6,0,6,6,0,22,20,2,58,12,46,140,74,66
District - Ariyalur,Rural,60+,2145,1197,948,594,304,290,157,111,46,2398,1268,1130,28,24,4,0,0,0,38,22,16,6,6,0,0,0,0,20,12,8,0,0,0,12,6,6,0,0,0,0,0,0,0,0,0,0,0,0,0,0,0,0,0,0,0,0,0,14,6,8,66,46,20
District - Ariyalur,Rural,Unknown,5,2,3,0,0,0,0,0,0,5,2,3,0,0,0,0,0,0,0,0,0,0,0,0,0,0,0,0,0,0,0,0,0,0,0,0,0,0,0,0,0,0,0,0,0,0,0,0,0,0,0,0,0,0,0,0,0,0,0,0,0,0,0
District - Ariyalur,Urban,15-34,264,151,113,64,43,21,12,6,6,128,60,68,0,0,0,0,0,0,12,6,6,6,6,0,0,0,0,62,44,18,0,0,0,26,24,2,6,6,0,6,6,0,0,0,0,0,0,0,0,0,0,0,0,0,12,6,6,10,2,8,48,28,20
District - Ariyalur,Urban,35-59,444,246,198,104,46,58,22,15,7,274,133,141,10,8,2,0,0,0,14,6,8,12,12,0,0,0,0,72,24,48,0,0,0,24,24,0,0,0,0,0,0,0,0,0,0,0,0,0,6,6,0,8,8,0,2,0,2,30,14,16,74,42,32
District - Ariyalur,Urban,60+,142,94,48,12,4,8,1,0,1,87,54,33,6,6,0,0,0,0,6,0,6,0,0,0,0,0,0,22,20,2,0,0,0,0,0,0,0,0,0,6,6,0,0,0,0,0,0,0,0,0,0,0,0,0,0,0,0,0,0,0,26,12,14
District - Ariyalur,Urban,Unknown,0,0,0,0,0,0,0,0,0,0,0,0,0,0,0,0,0,0,0,0,0,0,0,0,0,0,0,0,0,0,0,0,0,0,0,0,0,0,0,0,0,0,0,0,0,0,0,0,0,0,0,0,0,0,0,0,0,0,0,0,0,0,0
District - Cuddalore,Total,15-34,45488,21540,23948,9128,3993,5135,2840,1466,1374,40174,17378,22796,401,227,174,161,156,5,468,157,311,853,527,326,68,66,2,2009,1424,585,3,3,0,538,417,121,469,466,3,119,111,8,12,12,0,39,36,3,92,84,8,94,41,53,341,148,193,1022,269,753,4913,2545,2368
District - Cuddalore,Total,35-59,50734,23550,27184,10399,4419,5980,3229,1759,1470,51038,22833,28205,452,240,212,119,102,17,469,200,269,459,316,143,96,93,3,1680,905,775,0,0,0,338,212,126,237,229,8,89,69,20,0,0,0,15,15,0,75,75,0,181,93,88,184,57,127,792,87,705,1680,684,996
District - Cuddalore,Total,60+,10189,5917,4272,2712,1499,1213,754,523,231,10860,6204,4656,179,109,70,14,12,2,118,65,53,88,64,24,2,0,2,225,136,89,0,0,0,65,40,25,11,11,0,9,0,9,0,0,0,0,0,0,3,3,0,23,15,8,15,15,0,170,53,117,365,166,199
District - Cuddalore,Total,Unknown,108,50,58,8,2,6,4,1,3,85,33,52,0,0,0,0,0,0,0,0,0,3,3,0,0,0,0,8,6,2,0,0,0,0,0,0,6,6,0,0,0,0,0,0,0,0,0,0,0,0,0,0,0,0,0,0,0,0,0,0,10,3,7
District - Cuddalore,Rural,15-34,39752,18456,21296,7979,3356,4623,2697,1409,1288,36756,15703,21053,292,168,124,112,110,2,412,136,276,628,362,266,36,36,0,1344,864,480,0,0,0,340,274,66,340,340,0,96,94,2,12,12,0,18,18,0,62,54,8,48,18,30,270,112,158,840,228,612,3428,1874,1554
District - Cuddalore,Rural,35-59,44940,20537,24403,9009,3678,5331,3101,1709,1392,46262,20456,25806,266,128,138,104,90,14,426,174,252,336,216,120,78,78,0,1076,476,600,0,0,0,158,80,78,138,132,6,40,32,8,0,0,0,0,0,0,54,54,0,118,48,70,118,34,84,662,78,584,1012,430,582
District - Cuddalore,Rural,60+,9067,5270,3797,2415,1314,1101,720,506,214,9830,5616,4214,128,70,58,14,12,2,98,54,44,66,46,20,0,0,0,150,78,72,0,0,0,40,26,14,2,2,0,2,0,2,0,0,0,0,0,0,0,0,0,14,6,8,6,6,0,142,44,98,270,118,152
District - Cuddalore,Rural,Unknown,92,42,50,7,1,6,4,1,3,79,30,49,0,0,0,0,0,0,0,0,0,0,0,0,0,0,0,6,6,0,0,0,0,0,0,0,6,6,0,0,0,0,0,0,0,0,0,0,0,0,0,0,0,0,0,0,0,0,0,0,4,0,4
District - Cuddalore,Urban,15-34,5736,3084,2652,1149,637,512,143,57,86,3418,1675,1743,109,59,50,49,46,3,56,21,35,225,165,60,32,30,2,665,560,105,3,3,0,198,143,55,129,126,3,23,17,6,0,0,0,21,18,3,30,30,0,46,23,23,71,36,35,182,41,141,1485,671,814
District - Cuddalore,Urban,35-59,5794,3013,2781,1390,741,649,128,50,78,4776,2377,2399,186,112,74,15,12,3,43,26,17,123,100,23,18,15,3,604,429,175,0,0,0,180,132,48,99,97,2,49,37,12,0,0,0,15,15,0,21,21,0,63,45,18,66,23,43,130,9,121,668,254,414
District - Cuddalore,Urban,60+,1122,647,475,297,185,112,34,17,17,1030,588,442,51,39,12,0,0,0,20,11,9,22,18,4,2,0,2,75,58,17,0,0,0,25,14,11,9,9,0,7,0,7,0,0,0,0,0,0,3,3,0,9,9,0,9,9,0,28,9,19,95,48,47
District - Cuddalore,Urban,Unknown,16,8,8,1,1,0,0,0,0,6,3,3,0,0,0,0,0,0,0,0,0,3,3,0,0,0,0,2,0,2,0,0,0,0,0,0,0,0,0,0,0,0,0,0,0,0,0,0,0,0,0,0,0,0,0,0,0,0,0,0,6,3,3
District - Nagapattinam,Total,15-34,27936,15140,12796,4382,1983,2399,786,459,327,26032,12808,13224,204,148,56,108,68,40,192,98,94,502,388,114,18,12,6,1268,1176,92,6,6,0,332,220,112,514,496,18,78,64,14,0,0,0,26,20,6,54,40,14,42,34,8,308,82,226,252,132,120,1596,872,724
District - Nagapattinam,Total,35-59,34932,16269,18663,5610,2040,3570,1083,596,487,36887,16243,20644,250,192,58,152,56,96,190,88,102,236,194,42,28,24,4,490,298,192,6,6,0,122,74,48,82,78,4,62,42,20,0,0,0,6,6,0,30,30,0,74,68,6,62,36,26,208,64,144,574,214,360
District - Nagapattinam,Total,60+,7910,4505,3405,1746,849,897,350,235,115,8756,4819,3937,38,18,20,44,32,12,48,30,18,56,46,10,2,0,2,120,66,54,0,0,0,32,14,18,8,6,2,0,0,0,0,0,0,0,0,0,0,0,0,8,6,2,2,0,2,56,22,34,136,60,76
District - Nagapattinam,Total,Unknown,37,16,21,8,6,2,0,0,0,21,10,11,0,0,0,0,0,0,0,0,0,12,6,6,0,0,0,6,6,0,0,0,0,0,0,0,0,0,0,0,0,0,0,0,0,0,0,0,0,0,0,0,0,0,0,0,0,0,0,0,6,0,6
District - Nagapattinam,Rural,15-34,25798,13854,11944,4009,1757,2252,754,435,319,24521,11942,12579,166,130,36,6,6,0,166,96,70,466,360,106,10,10,0,1012,960,52,6,6,0,258,178,80,472,454,18,62,56,6,0,0,0,18,12,6,46,32,14,40,32,8,248,76,172,230,124,106,1326,702,624
District - Nagapattinam,Rural,35-59,32358,14912,17446,5048,1690,3358,1049,571,478,34599,14987,19612,174,136,38,8,0,8,182,82,100,218,186,32,12,12,0,212,150,62,6,6,0,98,58,40,60,60,0,44,30,14,0,0,0,6,6,0,24,24,0,68,62,6,44,24,20,194,64,130,408,144,264
District - Nagapattinam,Rural,60+,7349,4145,3204,1578,752,826,336,222,114,8231,4487,3744,36,18,18,0,0,0,38,30,8,46,38,8,0,0,0,62,24,38,0,0,0,18,8,10,0,0,0,0,0,0,0,0,0,0,0,0,0,0,0,8,6,2,2,0,2,48,16,32,102,48,54
District - Nagapattinam,Rural,Unknown,37,16,21,8,6,2,0,0,0,21,10,11,0,0,0,0,0,0,0,0,0,12,6,6,0,0,0,6,6,0,0,0,0,0,0,0,0,0,0,0,0,0,0,0,0,0,0,0,0,0,0,0,0,0,0,0,0,0,0,0,6,0,6
District - Nagapattinam,Urban,15-34,2138,1286,852,373,226,147,32,24,8,1511,866,645,38,18,20,102,62,40,26,2,24,36,28,8,8,2,6,256,216,40,0,0,0,74,42,32,42,42,0,16,8,8,0,0,0,8,8,0,8,8,0,2,2,0,60,6,54,22,8,14,270,170,100
District - Nagapattinam,Urban,35-59,2574,1357,1217,562,350,212,34,25,9,2288,1256,1032,76,56,20,144,56,88,8,6,2,18,8,10,16,12,4,278,148,130,0,0,0,24,16,8,22,18,4,18,12,6,0,0,0,0,0,0,6,6,0,6,6,0,18,12,6,14,0,14,166,70,96
District - Nagapattinam,Urban,60+,561,360,201,168,97,71,14,13,1,525,332,193,2,0,2,44,32,12,10,0,10,10,8,2,2,0,2,58,42,16,0,0,0,14,6,8,8,6,2,0,0,0,0,0,0,0,0,0,0,0,0,0,0,0,0,0,0,8,6,2,34,12,22
District - Nagapattinam,Urban,Unknown,0,0,0,0,0,0,0,0,0,0,0,0,0,0,0,0,0,0,0,0,0,0,0,0,0,0,0,0,0,0,0,0,0,0,0,0,0,0,0,0,0,0,0,0,0,0,0,0,0,0,0,0,0,0,0,0,0,0,0,0,0,0,0
District - Thiruvarur,Total,15-34,22015,11447,10568,3250,1388,1862,791,487,304,20914,10172,10742,150,74,76,6,6,0,108,46,62,236,142,94,6,6,0,484,450,34,0,0,0,212,158,54,248,240,8,46,44,2,0,0,0,24,24,0,42,36,6,36,18,18,174,74,100,186,64,122,1602,794,808
District - Thiruvarur,Total,35-59,28014,12890,15124,3866,1343,2523,1120,662,458,29320,12825,16495,132,64,68,0,0,0,146,14,132,70,42,28,12,12,0,198,160,38,0,0,0,148,114,34,56,50,6,24,18,6,0,0,0,0,0,0,18,18,0,42,42,0,32,12,20,140,32,108,422,168,254
District - Thiruvarur,Total,60+,6183,3527,2656,1249,602,647,266,190,76,6824,3751,3073,54,36,18,0,0,0,38,22,16,8,2,6,0,0,0,34,30,4,0,0,0,30,26,4,0,0,0,6,0,6,0,0,0,0,0,0,0,0,0,2,2,0,8,8,0,42,6,36,120,56,64
District - Thiruvarur,Total,Unknown,57,24,33,0,0,0,1,0,1,50,18,32,0,0,0,0,0,0,0,0,0,0,0,0,0,0,0,0,0,0,0,0,0,0,0,0,0,0,0,0,0,0,0,0,0,0,0,0,0,0,0,0,0,0,0,0,0,0,0,0,6,6,0
District - Thiruvarur,Rural,15-34,20086,10366,9720,2976,1269,1707,719,436,283,19365,9381,9984,92,44,48,0,0,0,98,42,56,158,90,68,6,6,0,432,400,32,0,0,0,168,116,52,204,198,6,46,44,2,0,0,0,18,18,0,30,24,6,34,16,18,156,74,82,168,64,104,1368,682,686
District - Thiruvarur,Rural,35-59,25698,11707,13991,3458,1203,2255,1042,605,437,27078,11827,15251,66,32,34,0,0,0,130,14,116,38,24,14,6,6,0,118,98,20,0,0,0,102,70,32,38,32,6,8,6,2,0,0,0,0,0,0,12,12,0,42,42,0,30,12,18,126,32,94,320,98,222
District - Thiruvarur,Rural,60+,5678,3221,2457,1146,555,591,258,185,73,6348,3483,2865,12,0,12,0,0,0,36,22,14,6,2,4,0,0,0,22,18,4,0,0,0,28,26,2,0,0,0,2,0,2,0,0,0,0,0,0,0,0,0,2,2,0,8,8,0,42,6,36,60,24,36
District - Thiruvarur,Rural,Unknown,55,22,33,0,0,0,1,0,1,48,16,32,0,0,0,0,0,0,0,0,0,0,0,0,0,0,0,0,0,0,0,0,0,0,0,0,0,0,0,0,0,0,0,0,0,0,0,0,0,0,0,0,0,0,0,0,0,0,0,0,6,6,0
District - Thiruvarur,Urban,15-34,1929,1081,848,274,119,155,72,51,21,1549,791,758,58,30,28,6,6,0,10,4,6,78,52,26,0,0,0,52,50,2,0,0,0,44,42,2,44,42,2,0,0,0,0,0,0,6,6,0,12,12,0,2,2,0,18,0,18,18,0,18,234,112,122
District - Thiruvarur,Urban,35-59,2316,1183,1133,408,140,268,78,57,21,2242,998,1244,66,32,34,0,0,0,16,0,16,32,18,14,6,6,0,80,62,18,0,0,0,46,44,2,18,18,0,16,12,4,0,0,0,0,0,0,6,6,0,0,0,0,2,0,2,14,0,14,102,70,32
District - Thiruvarur,Urban,60+,505,306,199,103,47,56,8,5,3,476,268,208,42,36,6,0,0,0,2,0,2,2,0,2,0,0,0,12,12,0,0,0,0,2,0,2,0,0,0,4,0,4,0,0,0,0,0,0,0,0,0,0,0,0,0,0,0,0,0,0,60,32,28
District - Thiruvarur,Urban,Unknown,2,2,0,0,0,0,0,0,0,2,2,0,0,0,0,0,0,0,0,0,0,0,0,0,0,0,0,0,0,0,0,0,0,0,0,0,0,0,0,0,0,0,0,0,0,0,0,0,0,0,0,0,0,0,0,0,0,0,0,0,0,0,0
District - Thanjavur,Total,15-34,12942,6955,5987,2374,1255,1119,461,271,190,11238,5531,5707,101,77,24,3,0,3,98,47,51,231,159,72,8,6,2,674,561,113,0,0,0,346,251,95,329,329,0,73,70,3,6,6,0,51,39,12,71,50,21,60,45,15,197,68,129,108,39,69,1261,661,600
District - Thanjavur,Total,35-59,16020,7282,8738,2700,1057,1643,718,399,319,16278,6886,9392,70,42,28,2,0,2,76,51,25,133,92,41,24,15,9,461,284,177,0,0,0,119,77,42,87,87,0,35,24,11,0,0,0,0,0,0,39,36,3,58,44,14,104,47,57,84,41,43,432,214,218
District - Thanjavur,Total,60+,3619,2091,1528,827,435,392,200,132,68,3931,2190,1741,41,29,12,0,0,0,10,0,10,29,17,12,5,3,2,77,58,19,0,0,0,22,14,8,12,12,0,10,6,4,0,0,0,6,6,0,0,0,0,14,12,2,0,0,0,21,9,12,68,38,30
District - Thanjavur,Total,Unknown,19,12,7,5,5,0,3,3,0,19,12,7,0,0,0,0,0,0,0,0,0,2,2,0,0,0,0,0,0,0,0,0,0,0,0,0,0,0,0,0,0,0,0,0,0,0,0,0,0,0,0,0,0,0,0,0,0,0,0,0,0,0,0
District - Thanjavur,Rural,15-34,11233,5902,5331,2029,1033,996,430,253,177,10294,4996,5298,76,60,16,0,0,0,80,42,38,164,110,54,6,6,0,462,378,84,0,0,0,230,170,60,260,260,0,48,48,0,6,6,0,30,24,6,50,32,18,28,24,4,152,54,98,100,36,64,846,436,410
District - Thanjavur,Rural,35-59,14125,6267,7858,2345,889,1456,667,371,296,14719,6121,8598,38,18,20,2,0,2,44,36,8,84,60,24,12,12,0,288,170,118,0,0,0,64,48,16,54,54,0,12,6,6,0,0,0,0,0,0,24,24,0,38,26,12,66,26,40,78,38,40,280,146,134
District - Thanjavur,Rural,60+,3239,1856,1383,720,369,351,193,126,67,3554,1967,1587,24,14,10,0,0,0,8,0,8,20,8,12,2,0,2,64,52,12,0,0,0,14,8,6,6,6,0,8,6,2,0,0,0,6,6,0,0,0,0,6,6,0,0,0,0,10,6,4,44,20,24
District - Thanjavur,Rural,Unknown,17,10,7,1,1,0,2,2,0,16,9,7,0,0,0,0,0,0,0,0,0,0,0,0,0,0,0,0,0,0,0,0,0,0,0,0,0,0,0,0,0,0,0,0,0,0,0,0,0,0,0,0,0,0,0,0,0,0,0,0,0,0,0
District - Thanjavur,Urban,15-34,1709,1053,656,345,222,123,31,18,13,944,535,409,25,17,8,3,0,3,18,5,13,67,49,18,2,0,2,212,183,29,0,0,0,116,81,35,69,69,0,25,22,3,0,0,0,21,15,6,21,18,3,32,21,11,45,14,31,8,3,5,415,225,190
District - Thanjavur,Urban,35-59,1895,1015,880,355,168,187,51,28,23,1559,765,794,32,24,8,0,0,0,32,15,17,49,32,17,12,3,9,173,114,59,0,0,0,55,29,26,33,33,0,23,18,5,0,0,0,0,0,0,15,12,3,20,18,2,38,21,17,6,3,3,152,68,84
District - Thanjavur,Urban,60+,380,235,145,107,66,41,7,6,1,377,223,154,17,15,2,0,0,0,2,0,2,9,9,0,3,3,0,13,6,7,0,0,0,8,6,2,6,6,0,2,0,2,0,0,0,0,0,0,0,0,0,8,6,2,0,0,0,11,3,8,24,18,6
District - Thanjavur,Urban,Unknown,2,2,0,4,4,0,1,1,0,3,3,0,0,0,0,0,0,0,0,0,0,2,2,0,0,0,0,0,0,0,0,0,0,0,0,0,0,0,0,0,0,0,0,0,0,0,0,0,0,0,0,0,0,0,0,0,0,0,0,0,0,0,0
District - Pudukkottai,Total,15-34,8962,4352,4610,1524,593,931,934,459,475,6266,2490,3776,104,60,44,26,18,8,126,52,74,364,202,162,6,6,0,900,522,378,0,0,0,332,240,92,160,160,0,78,78,0,0,0,0,12,6,6,18,18,0,28,18,10,148,62,86,108,36,72,876,518,358
District - Pudukkottai,Total,35-59,9997,4191,5806,1533,600,933,1202,614,588,7966,3025,4941,142,92,50,90,60,30,70,40,30,216,126,90,0,0,0,1138,448,690,0,0,0,122,96,26,96,96,0,60,48,12,0,0,0,0,0,0,0,0,0,18,6,12,34,8,26,82,20,62,294,112,182
District - Pudukkottai,Total,60+,2324,1236,1088,482,206,276,312,215,97,2050,991,1059,72,38,34,10,6,4,30,12,18,34,14,20,0,0,0,188,86,102,0,0,0,26,24,2,12,12,0,0,0,0,0,0,0,0,0,0,6,6,0,0,0,0,0,0,0,8,0,8,58,38,20
District - Pudukkottai,Total,Unknown,8,1,7,1,0,1,1,0,1,6,1,5,0,0,0,0,0,0,0,0,0,0,0,0,0,0,0,0,0,0,0,0,0,0,0,0,0,0,0,0,0,0,0,0,0,0,0,0,0,0,0,0,0,0,0,0,0,0,0,0,2,0,2
District - Pudukkottai,Rural,15-34,8216,3897,4319,1445,553,892,911,448,463,6090,2392,3698,88,60,28,26,18,8,112,46,66,248,134,114,6,6,0,802,438,364,0,0,0,242,180,62,120,120,0,66,66,0,0,0,0,12,6,6,12,12,0,20,12,8,120,60,60,94,30,64,692,422,270
District - Pudukkottai,Rural,35-59,9275,3831,5444,1440,546,894,1186,603,583,7737,2920,4817,114,78,36,90,60,30,64,34,30,122,88,34,0,0,0,1000,372,628,0,0,0,44,38,6,66,66,0,40,36,4,0,0,0,0,0,0,0,0,0,10,6,4,26,8,18,74,12,62,142,56,86
District - Pudukkottai,Rural,60+,2222,1168,1054,457,199,258,308,213,95,1999,962,1037,70,38,32,10,6,4,30,12,18,28,8,20,0,0,0,154,74,80,0,0,0,20,18,2,0,0,0,0,0,0,0,0,0,0,0,0,0,0,0,0,0,0,0,0,0,8,0,8,52,36,16
District - Pudukkottai,Rural,Unknown,8,1,7,1,0,1,1,0,1,6,1,5,0,0,0,0,0,0,0,0,0,0,0,0,0,0,0,0,0,0,0,0,0,0,0,0,0,0,0,0,0,0,0,0,0,0,0,0,0,0,0,0,0,0,0,0,0,0,0,0,2,0,2
District - Pudukkottai,Urban,15-34,746,455,291,79,40,39,23,11,12,176,98,78,16,0,16,0,0,0,14,6,8,116,68,48,0,0,0,98,84,14,0,0,0,90,60,30,40,40,0,12,12,0,0,0,0,0,0,0,6,6,0,8,6,2,28,2,26,14,6,8,184,96,88
District - Pudukkottai,Urban,35-59,722,360,362,93,54,39,16,11,5,229,105,124,28,14,14,0,0,0,6,6,0,94,38,56,0,0,0,138,76,62,0,0,0,78,58,20,30,30,0,20,12,8,0,0,0,0,0,0,0,0,0,8,0,8,8,0,8,8,8,0,152,56,96
District - Pudukkottai,Urban,60+,102,68,34,25,7,18,4,2,2,51,29,22,2,0,2,0,0,0,0,0,0,6,6,0,0,0,0,34,12,22,0,0,0,6,6,0,12,12,0,0,0,0,0,0,0,0,0,0,6,6,0,0,0,0,0,0,0,0,0,0,6,2,4
District - Pudukkottai,Urban,Unknown,0,0,0,0,0,0,0,0,0,0,0,0,0,0,0,0,0,0,0,0,0,0,0,0,0,0,0,0,0,0,0,0,0,0,0,0,0,0,0,0,0,0,0,0,0,0,0,0,0,0,0,0,0,0,0,0,0,0,0,0,0,0,0
District - Sivaganga,Total,15-34,10808,5533,5275,1757,806,951,1112,557,555,6785,3080,3705,186,106,80,0,0,0,120,72,48,412,250,162,14,8,6,1232,550,682,0,0,0,390,342,48,296,294,2,214,208,6,0,0,0,10,10,0,20,8,12,72,40,32,150,68,82,150,26,124,1402,720,682
District - Sivaganga,Total,35-59,12870,5965,6905,2189,754,1435,1574,827,747,9309,4154,5155,314,160,154,0,0,0,162,56,106,440,264,176,36,20,16,1980,588,1392,0,0,0,164,118,46,68,68,0,132,126,6,0,0,0,12,12,0,40,32,8,84,40,44,96,32,64,126,24,102,522,198,324
District - Sivaganga,Total,60+,3356,1864,1492,573,307,266,573,372,201,2544,1387,1157,62,34,28,0,0,0,46,18,28,82,62,20,0,0,0,308,122,186,0,0,0,10,6,4,12,12,0,42,42,0,0,0,0,0,0,0,0,0,0,8,6,2,8,6,2,26,12,14,208,92,116
District - Sivaganga,Total,Unknown,3,1,2,0,0,0,0,0,0,3,1,2,0,0,0,0,0,0,0,0,0,0,0,0,0,0,0,0,0,0,0,0,0,0,0,0,0,0,0,0,0,0,0,0,0,0,0,0,0,0,0,0,0,0,0,0,0,0,0,0,0,0,0
District - Sivaganga,Rural,15-34,9637,4778,4859,1401,560,841,1084,539,545,6342,2817,3525,168,88,80,0,0,0,84,44,40,364,222,142,0,0,0,970,342,628,0,0,0,268,230,38,222,220,2,180,174,6,0,0,0,8,8,0,18,6,12,20,8,12,128,56,72,106,20,86,1076,564,512
District - Sivaganga,Rural,35-59,11339,5109,6230,1786,530,1256,1537,797,740,8636,3772,4864,266,130,136,0,0,0,120,38,82,330,204,126,0,0,0,1552,332,1220,0,0,0,96,70,26,44,44,0,72,72,0,0,0,0,10,10,0,20,14,6,16,14,2,36,6,30,106,24,82,284,112,172
District - Sivaganga,Rural,60+,3079,1685,1394,521,266,255,564,367,197,2424,1308,1116,48,20,28,0,0,0,24,10,14,68,50,18,0,0,0,248,64,184,0,0,0,2,0,2,12,12,0,42,42,0,0,0,0,0,0,0,0,0,0,0,0,0,6,6,0,26,12,14,136,60,76
District - Sivaganga,Rural,Unknown,3,1,2,0,0,0,0,0,0,3,1,2,0,0,0,0,0,0,0,0,0,0,0,0,0,0,0,0,0,0,0,0,0,0,0,0,0,0,0,0,0,0,0,0,0,0,0,0,0,0,0,0,0,0,0,0,0,0,0,0,0,0,0
District - Sivaganga,Urban,15-34,1171,755,416,356,246,110,28,18,10,443,263,180,18,18,0,0,0,0,36,28,8,48,28,20,14,8,6,262,208,54,0,0,0,122,112,10,74,74,0,34,34,0,0,0,0,2,2,0,2,2,0,52,32,20,22,12,10,44,6,38,326,156,170
District - Sivaganga,Urban,35-59,1531,856,675,403,224,179,37,30,7,673,382,291,48,30,18,0,0,0,42,18,24,110,60,50,36,20,16,428,256,172,0,0,0,68,48,20,24,24,0,60,54,6,0,0,0,2,2,0,20,18,2,68,26,42,60,26,34,20,0,20,238,86,152
District - Sivaganga,Urban,60+,277,179,98,52,41,11,9,5,4,120,79,41,14,14,0,0,0,0,22,8,14,14,12,2,0,0,0,60,58,2,0,0,0,8,6,2,0,0,0,0,0,0,0,0,0,0,0,0,0,0,0,8,6,2,2,0,2,0,0,0,72,32,40
District - Sivaganga,Urban,Unknown,0,0,0,0,0,0,0,0,0,0,0,0,0,0,0,0,0,0,0,0,0,0,0,0,0,0,0,0,0,0,0,0,0,0,0,0,0,0,0,0,0,0,0,0,0,0,0,0,0,0,0,0,0,0,0,0,0,0,0,0,0,0,0
District - Madurai,Total,15-34,13621,6749,6872,2599,1300,1299,591,295,296,9255,4032,5223,340,223,117,24,24,0,189,59,130,772,441,331,17,17,0,1459,960,499,0,0,0,401,270,131,257,251,6,109,103,6,0,0,0,63,46,17,72,64,8,85,68,17,195,70,125,224,45,179,2167,1081,1086
District - Madurai,Total,35-59,13941,6418,7523,2838,1214,1624,656,327,329,11976,5094,6882,445,235,210,35,18,17,242,98,144,302,204,98,45,33,12,1362,711,651,0,0,0,224,133,91,183,174,9,58,55,3,0,0,0,6,3,3,100,97,3,157,98,59,111,42,69,152,32,120,725,278,447
District - Madurai,Total,60+,2987,1575,1412,721,332,389,200,106,94,2811,1451,1360,117,57,60,0,0,0,34,16,18,55,41,14,2,0,2,195,102,93,0,0,0,21,9,12,8,6,2,3,3,0,0,0,0,6,3,3,0,0,0,32,24,8,6,0,6,16,0,16,202,89,113
District - Madurai,Total,Unknown,10,4,6,0,0,0,1,0,1,7,4,3,0,0,0,0,0,0,0,0,0,0,0,0,0,0,0,2,0,2,0,0,0,0,0,0,0,0,0,0,0,0,0,0,0,0,0,0,0,0,0,0,0,0,0,0,0,0,0,0,0,0,0
District - Madurai,Rural,15-34,10353,4907,5446,1796,840,956,548,272,276,8341,3565,4776,154,94,60,18,18,0,138,42,96,486,270,216,6,6,0,928,570,358,0,0,0,172,106,66,138,138,0,50,50,0,0,0,0,20,12,8,24,18,6,20,20,0,50,18,32,118,32,86,938,516,422
District - Madurai,Rural,35-59,11112,4917,6195,1962,827,1135,626,308,318,10612,4454,6158,194,104,90,20,10,10,164,72,92,130,84,46,18,18,0,744,348,396,0,0,0,34,22,12,72,70,2,30,30,0,0,0,0,0,0,0,44,44,0,40,30,10,40,18,22,78,24,54,228,108,120
District - Madurai,Rural,60+,2529,1319,1210,563,251,312,185,97,88,2539,1285,1254,62,36,26,0,0,0,20,10,10,40,30,10,0,0,0,106,46,60,0,0,0,10,6,4,8,6,2,0,0,0,0,0,0,0,0,0,0,0,0,20,12,8,2,0,2,10,0,10,90,42,48
District - Madurai,Rural,Unknown,9,3,6,0,0,0,1,0,1,6,3,3,0,0,0,0,0,0,0,0,0,0,0,0,0,0,0,2,0,2,0,0,0,0,0,0,0,0,0,0,0,0,0,0,0,0,0,0,0,0,0,0,0,0,0,0,0,0,0,0,0,0,0
District - Madurai,Urban,15-34,3268,1842,1426,803,460,343,43,23,20,914,467,447,186,129,57,6,6,0,51,17,34,286,171,115,11,11,0,531,390,141,0,0,0,229,164,65,119,113,6,59,53,6,0,0,0,43,34,9,48,46,2,65,48,17,145,52,93,106,13,93,1229,565,664
District - Madurai,Urban,35-59,2829,1501,1328,876,387,489,30,19,11,1364,640,724,251,131,120,15,8,7,78,26,52,172,120,52,27,15,12,618,363,255,0,0,0,190,111,79,111,104,7,28,25,3,0,0,0,6,3,3,56,53,3,117,68,49,71,24,47,74,8,66,497,170,327
District - Madurai,Urban,60+,458,256,202,158,81,77,15,9,6,272,166,106,55,21,34,0,0,0,14,6,8,15,11,4,2,0,2,89,56,33,0,0,0,11,3,8,0,0,0,3,3,0,0,0,0,6,3,3,0,0,0,12,12,0,4,0,4,6,0,6,112,47,65
District - Madurai,Urban,Unknown,1,1,0,0,0,0,0,0,0,1,1,0,0,0,0,0,0,0,0,0,0,0,0,0,0,0,0,0,0,0,0,0,0,0,0,0,0,0,0,0,0,0,0,0,0,0,0,0,0,0,0,0,0,0,0,0,0,0,0,0,0,0,0
District - Theni,Total,15-34,6342,3328,3014,1155,547,608,168,86,82,5057,2423,2634,118,62,56,0,0,0,120,40,80,300,172,128,14,14,0,382,256,126,0,0,0,188,138,50,150,150,0,16,12,4,0,0,0,18,18,0,38,38,0,26,24,2,82,26,56,104,52,52,716,364,352
District - Theni,Total,35-59,6331,3141,3190,1319,587,732,179,85,94,6235,2919,3316,218,116,102,6,6,0,60,46,14,104,80,24,0,0,0,296,144,152,0,0,0,100,56,44,66,60,6,16,6,10,0,0,0,6,0,6,18,18,0,46,32,14,26,12,14,62,50,12,212,98,114
District - Theni,Total,60+,1452,716,736,426,225,201,46,31,15,1454,718,736,78,44,34,0,0,0,8,6,2,22,12,10,0,0,0,80,26,54,0,0,0,36,18,18,6,6,0,2,0,2,0,0,0,0,0,0,0,0,0,2,0,2,0,0,0,24,0,24,120,80,40
District - Theni,Total,Unknown,12,7,5,0,0,0,1,1,0,7,2,5,0,0,0,0,0,0,0,0,0,2,2,0,0,0,0,2,2,0,0,0,0,0,0,0,0,0,0,0,0,0,0,0,0,0,0,0,0,0,0,0,0,0,0,0,0,0,0,0,0,0,0
District - Theni,Rural,15-34,4035,1928,2107,728,322,406,139,68,71,3608,1588,2020,52,30,22,0,0,0,54,22,32,158,84,74,0,0,0,176,80,96,0,0,0,72,48,24,70,70,0,0,0,0,0,0,0,6,6,0,8,8,0,6,6,0,32,14,18,82,44,38,300,182,118
District - Theni,Rural,35-59,4059,1877,2182,784,347,437,156,75,81,4267,1885,2382,48,22,26,6,6,0,12,12,0,40,34,6,0,0,0,122,44,78,0,0,0,20,6,14,24,24,0,8,6,2,0,0,0,6,0,6,6,6,0,14,14,0,14,12,2,48,44,4,52,34,18
District - Theni,Rural,60+,970,459,511,249,122,127,41,27,14,1050,502,548,26,14,12,0,0,0,0,0,0,2,0,2,0,0,0,28,6,22,0,0,0,8,6,2,6,6,0,0,0,0,0,0,0,0,0,0,0,0,0,0,0,0,0,0,0,22,0,22,36,20,16
District - Theni,Rural,Unknown,8,3,5,0,0,0,1,1,0,7,2,5,0,0,0,0,0,0,0,0,0,0,0,0,0,0,0,0,0,0,0,0,0,0,0,0,0,0,0,0,0,0,0,0,0,0,0,0,0,0,0,0,0,0,0,0,0,0,0,0,0,0,0
District - Theni,Urban,15-34,2307,1400,907,427,225,202,29,18,11,1449,835,614,66,32,34,0,0,0,66,18,48,142,88,54,14,14,0,206,176,30,0,0,0,116,90,26,80,80,0,16,12,4,0,0,0,12,12,0,30,30,0,20,18,2,50,12,38,22,8,14,416,182,234
District - Theni,Urban,35-59,2272,1264,1008,535,240,295,23,10,13,1968,1034,934,170,94,76,0,0,0,48,34,14,64,46,18,0,0,0,174,100,74,0,0,0,80,50,30,42,36,6,8,0,8,0,0,0,0,0,0,12,12,0,32,18,14,12,0,12,14,6,8,160,64,96
District - Theni,Urban,60+,482,257,225,177,103,74,5,4,1,404,216,188,52,30,22,0,0,0,8,6,2,20,12,8,0,0,0,52,20,32,0,0,0,28,12,16,0,0,0,2,0,2,0,0,0,0,0,0,0,0,0,2,0,2,0,0,0,2,0,2,84,60,24
District - Theni,Urban,Unknown,4,4,0,0,0,0,0,0,0,0,0,0,0,0,0,0,0,0,0,0,0,2,2,0,0,0,0,2,2,0,0,0,0,0,0,0,0,0,0,0,0,0,0,0,0,0,0,0,0,0,0,0,0,0,0,0,0,0,0,0,0,0,0
District - Virudhunagar,Total,15-34,8957,4241,4716,1838,780,1058,416,200,216,4688,1889,2799,432,262,170,55,33,22,239,41,198,2132,830,1302,11,5,6,730,492,238,0,0,0,195,146,49,238,235,3,41,32,9,0,0,0,27,27,0,37,22,15,61,46,15,168,56,112,51,13,38,1274,692,582
District - Virudhunagar,Total,35-59,9209,3821,5388,1656,659,997,572,290,282,6690,2515,4175,568,288,280,55,33,22,175,48,127,1260,477,783,21,15,6,647,352,295,0,0,0,122,83,39,76,71,5,45,41,4,0,0,0,8,5,3,32,27,5,64,42,22,69,30,39,127,37,90,334,126,208
District - Virudhunagar,Total,60+,2215,956,1259,568,250,318,146,88,58,1845,753,1092,120,73,47,6,6,0,73,25,48,226,108,118,2,0,2,131,38,93,0,0,0,9,0,9,0,0,0,0,0,0,0,0,0,0,0,0,5,3,2,20,18,2,4,0,4,39,14,25,157,80,77
District - Virudhunagar,Total,Unknown,3,1,2,0,0,0,0,0,0,1,1,0,0,0,0,0,0,0,0,0,0,0,0,0,0,0,0,0,0,0,0,0,0,0,0,0,0,0,0,0,0,0,0,0,0,0,0,0,0,0,0,0,0,0,0,0,0,0,0,0,2,0,2
District - Virudhunagar,Rural,15-34,7058,3238,3820,1448,582,866,396,190,206,4138,1652,2486,404,248,156,52,30,22,186,36,150,1484,526,958,8,2,6,524,324,200,0,0,0,112,88,24,160,160,0,24,18,6,0,0,0,18,18,0,18,6,12,36,30,6,110,48,62,32,8,24,804,436,368
District - Virudhunagar,Rural,35-59,7463,2985,4478,1223,478,745,539,272,267,5745,2095,3650,486,252,234,52,30,22,108,36,72,812,288,524,12,6,6,442,206,236,0,0,0,80,62,18,48,48,0,24,24,0,0,0,0,0,0,0,12,12,0,28,18,10,38,24,14,88,24,64,172,66,106
District - Virudhunagar,Rural,60+,1808,744,1064,458,197,261,136,82,54,1586,633,953,102,58,44,6,6,0,54,22,32,128,46,82,0,0,0,128,38,90,0,0,0,2,0,2,0,0,0,0,0,0,0,0,0,0,0,0,0,0,0,12,12,0,2,0,2,26,8,18,84,36,48
District - Virudhunagar,Rural,Unknown,1,1,0,0,0,0,0,0,0,1,1,0,0,0,0,0,0,0,0,0,0,0,0,0,0,0,0,0,0,0,0,0,0,0,0,0,0,0,0,0,0,0,0,0,0,0,0,0,0,0,0,0,0,0,0,0,0,0,0,0,0,0,0
District - Virudhunagar,Urban,15-34,1899,1003,896,390,198,192,20,10,10,550,237,313,28,14,14,3,3,0,53,5,48,648,304,344,3,3,0,206,168,38,0,0,0,83,58,25,78,75,3,17,14,3,0,0,0,9,9,0,19,16,3,25,16,9,58,8,50,19,5,14,470,256,214
District - Virudhunagar,Urban,35-59,1746,836,910,433,181,252,33,18,15,945,420,525,82,36,46,3,3,0,67,12,55,448,189,259,9,9,0,205,146,59,0,0,0,42,21,21,28,23,5,21,17,4,0,0,0,8,5,3,20,15,5,36,24,12,31,6,25,39,13,26,162,60,102
District - Virudhunagar,Urban,60+,407,212,195,110,53,57,10,6,4,259,120,139,18,15,3,0,0,0,19,3,16,98,62,36,2,0,2,3,0,3,0,0,0,7,0,7,0,0,0,0,0,0,0,0,0,0,0,0,5,3,2,8,6,2,2,0,2,13,6,7,73,44,29
District - Virudhunagar,Urban,Unknown,2,0,2,0,0,0,0,0,0,0,0,0,0,0,0,0,0,0,0,0,0,0,0,0,0,0,0,0,0,0,0,0,0,0,0,0,0,0,0,0,0,0,0,0,0,0,0,0,0,0,0,0,0,0,0,0,0,0,0,0,2,0,2
District - Ramanathapuram,Total,15-34,8947,4282,4665,1480,735,745,1855,932,923,5380,2243,3137,204,122,82,44,12,32,100,32,68,110,56,54,0,0,0,496,364,132,0,0,0,180,168,12,130,128,2,72,66,6,0,0,0,8,8,0,18,18,0,38,30,8,110,30,80,230,32,198,1452,776,676
District - Ramanathapuram,Total,35-59,9481,4226,5255,1557,675,882,2225,1140,1085,6749,2673,4076,360,216,144,40,10,30,134,60,74,114,70,44,0,0,0,546,370,176,0,0,0,102,60,42,40,36,4,24,24,0,0,0,0,0,0,0,0,0,0,42,36,6,46,8,38,164,18,146,452,180,272
District - Ramanathapuram,Total,60+,2074,1103,971,456,220,236,550,339,211,1706,832,874,46,24,22,10,0,10,14,0,14,18,8,10,2,0,2,40,32,8,0,0,0,8,6,2,0,0,0,0,0,0,0,0,0,0,0,0,0,0,0,6,6,0,2,2,0,48,24,24,80,50,30
District - Ramanathapuram,Total,Unknown,23,16,7,7,7,0,2,2,0,8,3,5,0,0,0,0,0,0,0,0,0,0,0,0,0,0,0,6,6,0,0,0,0,0,0,0,0,0,0,0,0,0,0,0,0,0,0,0,0,0,0,0,0,0,0,0,0,0,0,0,14,12,2
District - Ramanathapuram,Rural,15-34,7923,3691,4232,1269,588,681,1749,884,865,5137,2127,3010,170,88,82,44,12,32,86,32,54,54,18,36,0,0,0,346,234,112,0,0,0,124,112,12,90,90,0,46,46,0,0,0,0,8,8,0,0,0,0,14,6,8,98,24,74,204,32,172,1022,566,456
District - Ramanathapuram,Rural,35-59,8558,3786,4772,1304,513,791,2043,1050,993,6399,2513,3886,246,126,120,36,8,28,104,42,62,86,50,36,0,0,0,408,294,114,0,0,0,52,30,22,32,30,2,18,18,0,0,0,0,0,0,0,0,0,0,28,22,6,20,8,12,146,12,134,244,96,148
District - Ramanathapuram,Rural,60+,1922,1008,914,389,183,206,524,326,198,1653,805,848,16,6,10,8,0,8,14,0,14,4,0,4,0,0,0,16,12,4,0,0,0,2,0,2,0,0,0,0,0,0,0,0,0,0,0,0,0,0,0,0,0,0,0,0,0,40,18,22,34,24,10
District - Ramanathapuram,Rural,Unknown,23,16,7,1,1,0,2,2,0,8,3,5,0,0,0,0,0,0,0,0,0,0,0,0,0,0,0,0,0,0,0,0,0,0,0,0,0,0,0,0,0,0,0,0,0,0,0,0,0,0,0,0,0,0,0,0,0,0,0,0,14,12,2
District - Ramanathapuram,Urban,15-34,1024,591,433,211,147,64,106,48,58,243,116,127,34,34,0,0,0,0,14,0,14,56,38,18,0,0,0,150,130,20,0,0,0,56,56,0,40,38,2,26,20,6,0,0,0,0,0,0,18,18,0,24,24,0,12,6,6,26,0,26,430,210,220
District - Ramanathapuram,Urban,35-59,923,440,483,253,162,91,182,90,92,350,160,190,114,90,24,4,2,2,30,18,12,28,20,8,0,0,0,138,76,62,0,0,0,50,30,20,8,6,2,6,6,0,0,0,0,0,0,0,0,0,0,14,14,0,26,0,26,18,6,12,208,84,124
District - Ramanathapuram,Urban,60+,152,95,57,67,37,30,26,13,13,53,27,26,30,18,12,2,0,2,0,0,0,14,8,6,2,0,2,24,20,4,0,0,0,6,6,0,0,0,0,0,0,0,0,0,0,0,0,0,0,0,0,6,6,0,2,2,0,8,6,2,46,26,20
District - Ramanathapuram,Urban,Unknown,0,0,0,6,6,0,0,0,0,0,0,0,0,0,0,0,0,0,0,0,0,0,0,0,0,0,0,6,6,0,0,0,0,0,0,0,0,0,0,0,0,0,0,0,0,0,0,0,0,0,0,0,0,0,0,0,0,0,0,0,0,0,0
District - Thoothukkudi,Total,15-34,8918,4492,4426,1001,479,522,294,137,157,4649,2037,2612,357,262,95,226,125,101,316,104,212,814,265,549,39,37,2,1031,676,355,0,0,0,209,164,45,365,355,10,47,41,6,0,0,0,32,18,14,27,21,6,69,57,12,156,36,120,112,14,98,1176,622,554
District - Thoothukkudi,Total,35-59,9274,3934,5340,925,328,597,376,179,197,6252,2391,3861,615,363,252,290,154,136,241,58,183,488,178,310,29,27,2,952,405,547,0,0,0,107,88,19,123,121,2,29,15,14,0,0,0,6,6,0,21,15,6,64,36,28,58,20,38,97,12,85,451,194,257
District - Thoothukkudi,Total,60+,2444,1091,1353,439,155,284,111,63,48,2005,815,1190,162,99,63,25,12,13,107,45,62,48,10,38,3,3,0,212,102,110,0,0,0,15,9,6,0,0,0,15,9,6,0,0,0,0,0,0,3,3,0,5,3,2,8,8,0,26,0,26,138,65,73
District - Thoothukkudi,Total,Unknown,7,5,2,0,0,0,0,0,0,3,1,2,0,0,0,0,0,0,0,0,0,0,0,0,0,0,0,2,2,0,0,0,0,0,0,0,0,0,0,0,0,0,0,0,0,0,0,0,0,0,0,0,0,0,0,0,0,0,0,0,2,2,0
District - Thoothukkudi,Rural,15-34,7285,3618,3667,787,332,455,267,123,144,4387,1937,2450,326,242,84,160,104,56,210,98,112,528,160,368,0,0,0,764,452,312,0,0,0,126,102,24,280,270,10,28,26,2,0,0,0,16,14,2,6,0,6,38,32,6,122,16,106,94,14,80,720,360,360
District - Thoothukkudi,Rural,35-59,7705,3310,4395,732,252,480,357,170,187,5718,2260,3458,538,318,220,196,108,88,156,52,104,238,98,140,12,12,0,746,272,474,0,0,0,60,50,10,60,60,0,12,6,6,0,0,0,6,6,0,12,6,6,26,18,8,32,14,18,76,12,64,192,100,92
District - Thoothukkudi,Rural,60+,2156,947,1209,362,121,241,101,56,45,1857,766,1091,134,78,56,22,12,10,86,36,50,28,2,26,0,0,0,180,74,106,0,0,0,6,6,0,0,0,0,10,6,4,0,0,0,0,0,0,0,0,0,0,0,0,2,2,0,24,0,24,68,30,38
District - Thoothukkudi,Rural,Unknown,7,5,2,0,0,0,0,0,0,3,1,2,0,0,0,0,0,0,0,0,0,0,0,0,0,0,0,2,2,0,0,0,0,0,0,0,0,0,0,0,0,0,0,0,0,0,0,0,0,0,0,0,0,0,0,0,0,0,0,0,2,2,0
District - Thoothukkudi,Urban,15-34,1633,874,759,214,147,67,27,14,13,262,100,162,31,20,11,66,21,45,106,6,100,286,105,181,39,37,2,267,224,43,0,0,0,83,62,21,85,85,0,19,15,4,0,0,0,16,4,12,21,21,0,31,25,6,34,20,14,18,0,18,456,262,194
District - Thoothukkudi,Urban,35-59,1569,624,945,193,76,117,19,9,10,534,131,403,77,45,32,94,46,48,85,6,79,250,80,170,17,15,2,206,133,73,0,0,0,47,38,9,63,61,2,17,9,8,0,0,0,0,0,0,9,9,0,38,18,20,26,6,20,21,0,21,259,94,165
District - Thoothukkudi,Urban,60+,288,144,144,77,34,43,10,7,3,148,49,99,28,21,7,3,0,3,21,9,12,20,8,12,3,3,0,32,28,4,0,0,0,9,3,6,0,0,0,5,3,2,0,0,0,0,0,0,3,3,0,5,3,2,6,6,0,2,0,2,70,35,35
District - Thoothukkudi,Urban,Unknown,0,0,0,0,0,0,0,0,0,0,0,0,0,0,0,0,0,0,0,0,0,0,0,0,0,0,0,0,0,0,0,0,0,0,0,0,0,0,0,0,0,0,0,0,0,0,0,0,0,0,0,0,0,0,0,0,0,0,0,0,0,0,0
District - Tirunelveli,Total,15-34,14748,7922,6826,2733,1413,1320,603,312,291,7768,4302,3466,329,207,122,45,42,3,1617,151,1466,1175,444,731,65,47,18,1899,1381,518,0,0,0,521,407,114,474,458,16,127,124,3,0,0,0,94,57,37,89,56,33,112,70,42,398,128,270,224,63,161,1941,1086,855
District - Tirunelveli,Total,35-59,15881,7051,8830,2862,1200,1662,835,424,411,11834,5261,6573,433,215,218,43,34,9,1121,126,995,597,199,398,25,23,2,2188,999,1189,3,3,0,201,137,64,206,204,2,83,73,10,3,3,0,5,3,2,43,40,3,98,63,35,129,52,77,208,53,155,688,339,349
District - Tirunelveli,Total,60+,4291,2010,2281,1126,485,641,291,166,125,3828,1756,2072,181,89,92,3,3,0,178,63,115,36,14,22,8,6,2,503,183,320,0,0,0,32,24,8,3,3,0,17,11,6,3,3,0,0,0,0,9,9,0,25,12,13,8,3,5,59,25,34,233,125,108
District - Tirunelveli,Total,Unknown,12,5,7,4,2,2,0,0,0,13,4,9,0,0,0,0,0,0,0,0,0,0,0,0,0,0,0,0,0,0,0,0,0,3,3,0,0,0,0,0,0,0,0,0,0,0,0,0,0,0,0,0,0,0,0,0,0,0,0,0,0,0,0
District - Tirunelveli,Rural,15-34,10512,5476,5036,1950,952,998,553,282,271,6042,3263,2779,256,155,101,42,42,0,1177,115,1062,761,282,479,31,23,8,1278,835,443,0,0,0,294,258,36,278,270,8,82,79,3,0,0,0,37,16,21,25,19,6,49,25,24,215,68,147,172,53,119,1170,643,527
District - Tirunelveli,Rural,35-59,11656,5104,6552,2159,856,1303,722,355,367,9000,4051,4949,349,172,177,40,31,9,834,96,738,378,128,250,25,23,2,1621,605,1016,3,3,0,95,62,33,117,115,2,69,59,10,3,3,0,0,0,0,11,11,0,53,35,18,50,20,30,143,33,110,302,158,144
District - Tirunelveli,Rural,60+,3167,1468,1699,881,363,518,248,137,111,2920,1337,1583,126,68,58,3,3,0,110,34,76,19,5,14,3,3,0,423,132,291,0,0,0,15,9,6,0,0,0,5,3,2,0,0,0,0,0,0,3,3,0,17,6,11,0,0,0,50,25,25,106,66,40
District - Tirunelveli,Rural,Unknown,10,3,7,4,2,2,0,0,0,11,2,9,0,0,0,0,0,0,0,0,0,0,0,0,0,0,0,0,0,0,0,0,0,3,3,0,0,0,0,0,0,0,0,0,0,0,0,0,0,0,0,0,0,0,0,0,0,0,0,0,0,0,0
District - Tirunelveli,Urban,15-34,4236,2446,1790,783,461,322,50,30,20,1726,1039,687,73,52,21,3,0,3,440,36,404,414,162,252,34,24,10,621,546,75,0,0,0,227,149,78,196,188,8,45,45,0,0,0,0,57,41,16,64,37,27,63,45,18,183,60,123,52,10,42,771,443,328
District - Tirunelveli,Urban,35-59,4225,1947,2278,703,344,359,113,69,44,2834,1210,1624,84,43,41,3,3,0,287,30,257,219,71,148,0,0,0,567,394,173,0,0,0,106,75,31,89,89,0,14,14,0,0,0,0,5,3,2,32,29,3,45,28,17,79,32,47,65,20,45,386,181,205
District - Tirunelveli,Urban,60+,1124,542,582,245,122,123,43,29,14,908,419,489,55,21,34,0,0,0,68,29,39,17,9,8,5,3,2,80,51,29,0,0,0,17,15,2,3,3,0,12,8,4,3,3,0,0,0,0,6,6,0,8,6,2,8,3,5,9,0,9,127,59,68
District - Tirunelveli,Urban,Unknown,2,2,0,0,0,0,0,0,0,2,2,0,0,0,0,0,0,0,0,0,0,0,0,0,0,0,0,0,0,0,0,0,0,0,0,0,0,0,0,0,0,0,0,0,0,0,0,0,0,0,0,0,0,0,0,0,0,0,0,0,0,0,0
District - Kanniyakumari,Total,15-34,1896,1205,691,387,243,144,29,17,12,422,302,120,82,59,23,5,5,0,106,62,44,119,54,65,30,30,0,493,388,105,0,0,0,101,62,39,57,57,0,8,8,0,0,0,0,18,12,6,11,2,9,131,121,10,57,20,37,69,9,60,545,240,305
District - Kanniyakumari,Total,35-59,2322,1262,1060,654,304,350,56,30,26,1055,601,454,129,90,39,12,9,3,199,99,100,182,73,109,8,6,2,685,363,322,0,0,0,85,50,35,55,55,0,4,2,2,0,0,0,0,0,0,6,6,0,38,6,32,24,0,24,106,26,80,332,150,182
District - Kanniyakumari,Total,60+,635,386,249,203,86,117,20,12,8,347,200,147,77,56,21,0,0,0,54,24,30,52,23,29,0,0,0,141,79,62,2,2,0,30,21,9,3,3,0,3,0,3,0,0,0,0,0,0,0,0,0,0,0,0,0,0,0,24,11,13,85,41,44
District - Kanniyakumari,Total,Unknown,6,2,4,0,0,0,0,0,0,1,0,1,0,0,0,0,0,0,0,0,0,2,2,0,0,0,0,0,0,0,0,0,0,0,0,0,0,0,0,0,0,0,0,0,0,0,0,0,0,0,0,0,0,0,0,0,0,3,0,3,0,0,0
District - Kanniyakumari,Rural,15-34,543,303,240,93,45,48,18,9,9,182,113,69,40,26,14,0,0,0,18,6,12,12,8,4,6,6,0,142,64,78,0,0,0,26,8,18,24,24,0,0,0,0,0,0,0,6,6,0,0,0,0,16,6,10,4,0,4,26,2,24,116,70,46
District - Kanniyakumari,Rural,35-59,755,309,446,198,69,129,33,12,21,404,190,214,24,16,8,6,6,0,22,0,22,22,8,14,0,0,0,208,52,156,0,0,0,32,8,24,20,20,0,0,0,0,0,0,0,0,0,0,0,0,0,26,0,26,2,0,2,32,12,20,122,54,68
District - Kanniyakumari,Rural,60+,179,76,103,67,22,45,9,3,6,147,71,76,14,6,8,0,0,0,12,0,12,2,0,2,0,0,0,42,6,36,0,0,0,8,6,2,0,0,0,0,0,0,0,0,0,0,0,0,0,0,0,0,0,0,0,0,0,0,0,0,12,6,6
District - Kanniyakumari,Rural,Unknown,1,0,1,0,0,0,0,0,0,1,0,1,0,0,0,0,0,0,0,0,0,0,0,0,0,0,0,0,0,0,0,0,0,0,0,0,0,0,0,0,0,0,0,0,0,0,0,0,0,0,0,0,0,0,0,0,0,0,0,0,0,0,0
District - Kanniyakumari,Urban,15-34,1353,902,451,294,198,96,11,8,3,240,189,51,42,33,9,5,5,0,88,56,32,107,46,61,24,24,0,351,324,27,0,0,0,75,54,21,33,33,0,8,8,0,0,0,0,12,6,6,11,2,9,115,115,0,53,20,33,43,7,36,429,170,259
District - Kanniyakumari,Urban,35-59,1567,953,614,456,235,221,23,18,5,651,411,240,105,74,31,6,3,3,177,99,78,160,65,95,8,6,2,477,311,166,0,0,0,53,42,11,35,35,0,4,2,2,0,0,0,0,0,0,6,6,0,12,6,6,22,0,22,74,14,60,210,96,114
District - Kanniyakumari,Urban,60+,456,310,146,136,64,72,11,9,2,200,129,71,63,50,13,0,0,0,42,24,18,50,23,27,0,0,0,99,73,26,2,2,0,22,15,7,3,3,0,3,0,3,0,0,0,0,0,0,0,0,0,0,0,0,0,0,0,24,11,13,73,35,38
District - Kanniyakumari,Urban,Unknown,5,2,3,0,0,0,0,0,0,0,0,0,0,0,0,0,0,0,0,0,0,2,2,0,0,0,0,0,0,0,0,0,0,0,0,0,0,0,0,0,0,0,0,0,0,0,0,0,0,0,0,0,0,0,0,0,0,3,0,3,0,0,0
District - Dharmapuri,Total,15-34,6624,3333,3291,1211,495,716,226,107,119,4251,1637,2614,100,66,34,32,32,0,168,72,96,326,206,120,6,6,0,1046,672,374,0,0,0,208,174,34,228,228,0,36,28,8,0,0,0,12,12,0,54,54,0,30,12,18,188,86,102,166,6,160,758,430,328
District - Dharmapuri,Total,35-59,6856,3211,3645,1242,460,782,361,171,190,5481,2192,3289,186,104,82,22,18,4,86,44,42,200,118,82,0,0,0,922,502,420,0,0,0,184,134,50,120,114,6,16,12,4,0,0,0,6,6,0,30,30,0,38,32,6,38,16,22,102,6,96,306,172,134
District - Dharmapuri,Total,60+,1309,675,634,297,136,161,114,72,42,1140,545,595,44,32,12,6,6,0,30,12,18,58,20,38,0,0,0,82,46,36,0,0,0,18,12,6,0,0,0,6,6,0,0,0,0,0,0,0,0,0,0,6,6,0,0,0,0,2,0,2,100,54,46
District - Dharmapuri,Total,Unknown,2,2,0,0,0,0,0,0,0,2,2,0,0,0,0,0,0,0,0,0,0,0,0,0,0,0,0,0,0,0,0,0,0,0,0,0,0,0,0,0,0,0,0,0,0,0,0,0,0,0,0,0,0,0,0,0,0,0,0,0,0,0,0
District - Dharmapuri,Rural,15-34,6080,2952,3128,1117,427,690,216,101,115,4135,1596,2539,66,36,30,32,32,0,136,46,90,296,186,110,6,6,0,922,554,368,0,0,0,194,160,34,186,186,0,22,20,2,0,0,0,12,12,0,24,24,0,24,6,18,144,60,84,158,6,152,624,348,276
District - Dharmapuri,Rural,35-59,6429,2952,3477,1084,358,726,349,160,189,5336,2138,3198,124,62,62,22,18,4,84,44,40,150,86,64,0,0,0,772,396,376,0,0,0,150,104,46,96,90,6,16,12,4,0,0,0,0,0,0,18,18,0,36,32,4,32,16,16,92,0,92,236,134,102
District - Dharmapuri,Rural,60+,1226,639,587,270,125,145,107,66,41,1103,528,575,44,32,12,6,6,0,26,12,14,36,14,22,0,0,0,60,34,26,0,0,0,16,12,4,0,0,0,0,0,0,0,0,0,0,0,0,0,0,0,6,6,0,0,0,0,2,0,2,90,54,36
District - Dharmapuri,Rural,Unknown,2,2,0,0,0,0,0,0,0,2,2,0,0,0,0,0,0,0,0,0,0,0,0,0,0,0,0,0,0,0,0,0,0,0,0,0,0,0,0,0,0,0,0,0,0,0,0,0,0,0,0,0,0,0,0,0,0,0,0,0,0,0,0
District - Dharmapuri,Urban,15-34,544,381,163,94,68,26,10,6,4,116,41,75,34,30,4,0,0,0,32,26,6,30,20,10,0,0,0,124,118,6,0,0,0,14,14,0,42,42,0,14,8,6,0,0,0,0,0,0,30,30,0,6,6,0,44,26,18,8,0,8,134,82,52
District - Dharmapuri,Urban,35-59,427,259,168,158,102,56,12,11,1,145,54,91,62,42,20,0,0,0,2,0,2,50,32,18,0,0,0,150,106,44,0,0,0,34,30,4,24,24,0,0,0,0,0,0,0,6,6,0,12,12,0,2,0,2,6,0,6,10,6,4,70,38,32
District - Dharmapuri,Urban,60+,83,36,47,27,11,16,7,6,1,37,17,20,0,0,0,0,0,0,4,0,4,22,6,16,0,0,0,22,12,10,0,0,0,2,0,2,0,0,0,6,6,0,0,0,0,0,0,0,0,0,0,0,0,0,0,0,0,0,0,0,10,0,10
District - Dharmapuri,Urban,Unknown,0,0,0,0,0,0,0,0,0,0,0,0,0,0,0,0,0,0,0,0,0,0,0,0,0,0,0,0,0,0,0,0,0,0,0,0,0,0,0,0,0,0,0,0,0,0,0,0,0,0,0,0,0,0,0,0,0,0,0,0,0,0,0
District - Krishnagiri,Total,15-34,9169,4985,4184,1872,1041,831,598,350,248,5627,2608,3019,174,118,56,6,6,0,300,142,158,822,596,226,12,10,2,1508,938,570,0,0,0,384,322,62,178,170,8,32,26,6,0,0,0,12,6,6,34,28,6,60,50,10,124,74,50,140,50,90,1030,532,498
District - Krishnagiri,Total,35-59,8722,4117,4605,1804,783,1021,674,393,281,6536,2871,3665,336,196,140,12,6,6,266,80,186,352,220,132,2,0,2,1550,742,808,0,0,0,126,90,36,80,80,0,38,18,20,0,0,0,6,6,0,26,24,2,40,38,2,62,18,44,94,18,76,326,100,226
District - Krishnagiri,Total,60+,1607,934,673,361,197,164,139,106,33,1293,719,574,88,48,40,0,0,0,62,28,34,26,24,2,0,0,0,170,84,86,0,0,0,32,14,18,0,0,0,14,14,0,0,0,0,0,0,0,0,0,0,6,6,0,0,0,0,26,18,8,112,70,42
District - Krishnagiri,Total,Unknown,14,12,2,1,1,0,0,0,0,9,7,2,6,6,0,0,0,0,0,0,0,0,0,0,0,0,0,0,0,0,0,0,0,0,0,0,0,0,0,0,0,0,0,0,0,0,0,0,0,0,0,0,0,0,0,0,0,0,0,0,0,0,0
District - Krishnagiri,Rural,15-34,8131,4299,3832,1668,905,763,569,333,236,5356,2461,2895,160,110,50,6,6,0,266,130,136,614,410,204,8,8,0,1298,786,512,0,0,0,318,268,50,156,148,8,32,26,6,0,0,0,12,6,6,32,26,6,34,32,2,90,54,36,110,44,66,738,356,382
District - Krishnagiri,Rural,35-59,8015,3771,4244,1645,690,955,653,384,269,6259,2743,3516,314,184,130,6,0,6,224,76,148,280,180,100,0,0,0,1364,622,742,0,0,0,66,46,20,68,68,0,26,12,14,0,0,0,6,6,0,14,12,2,40,38,2,44,12,32,66,12,54,230,66,164
District - Krishnagiri,Rural,60+,1519,884,635,338,186,152,136,104,32,1267,706,561,74,42,32,0,0,0,58,28,30,18,18,0,0,0,0,140,72,68,0,0,0,22,6,16,0,0,0,6,6,0,0,0,0,0,0,0,0,0,0,6,6,0,0,0,0,26,18,8,104,64,40
District - Krishnagiri,Rural,Unknown,14,12,2,1,1,0,0,0,0,9,7,2,6,6,0,0,0,0,0,0,0,0,0,0,0,0,0,0,0,0,0,0,0,0,0,0,0,0,0,0,0,0,0,0,0,0,0,0,0,0,0,0,0,0,0,0,0,0,0,0,0,0,0
District - Krishnagiri,Urban,15-34,1038,686,352,204,136,68,29,17,12,271,147,124,14,8,6,0,0,0,34,12,22,208,186,22,4,2,2,210,152,58,0,0,0,66,54,12,22,22,0,0,0,0,0,0,0,0,0,0,2,2,0,26,18,8,34,20,14,30,6,24,292,176,116
District - Krishnagiri,Urban,35-59,707,346,361,159,93,66,21,9,12,277,128,149,22,12,10,6,6,0,42,4,38,72,40,32,2,0,2,186,120,66,0,0,0,60,44,16,12,12,0,12,6,6,0,0,0,0,0,0,12,12,0,0,0,0,18,6,12,28,6,22,96,34,62
District - Krishnagiri,Urban,60+,88,50,38,23,11,12,3,2,1,26,13,13,14,6,8,0,0,0,4,0,4,8,6,2,0,0,0,30,12,18,0,0,0,10,8,2,0,0,0,8,8,0,0,0,0,0,0,0,0,0,0,0,0,0,0,0,0,0,0,0,8,6,2
District - Krishnagiri,Urban,Unknown,0,0,0,0,0,0,0,0,0,0,0,0,0,0,0,0,0,0,0,0,0,0,0,0,0,0,0,0,0,0,0,0,0,0,0,0,0,0,0,0,0,0,0,0,0,0,0,0,0,0,0,0,0,0,0,0,0,0,0,0,0,0,0
District - Coimbatore,Total,15-34,11624,5868,5756,1791,868,923,264,104,160,3597,1513,2084,586,258,328,12,3,9,187,59,128,1698,1001,697,10,8,2,2398,1510,888,0,0,0,509,347,162,242,226,16,38,29,9,0,0,0,80,48,32,94,73,21,163,111,52,248,51,197,151,38,113,3138,1357,1781
District - Coimbatore,Total,35-59,12248,5637,6611,2122,778,1344,206,88,118,6245,2630,3615,1312,556,756,6,6,0,239,126,113,720,394,326,42,24,18,3176,1587,1589,0,0,0,233,103,130,184,160,24,63,37,26,0,0,0,41,35,6,58,41,17,248,150,98,117,38,79,107,18,89,1373,422,951
District - Coimbatore,Total,60+,2519,1387,1132,670,369,301,58,28,30,1488,816,672,304,171,133,0,0,0,113,77,36,111,74,37,18,6,12,511,286,225,0,0,0,61,30,31,6,6,0,9,3,6,0,0,0,0,0,0,6,6,0,58,38,20,9,0,9,30,15,15,407,200,207
District - Coimbatore,Total,Unknown,34,20,14,2,1,1,1,1,0,12,5,7,0,0,0,0,0,0,0,0,0,3,3,0,0,0,0,2,0,2,0,0,0,0,0,0,0,0,0,0,0,0,0,0,0,0,0,0,0,0,0,0,0,0,0,0,0,0,0,0,18,12,6
District - Coimbatore,Rural,15-34,4621,2163,2458,710,271,439,147,60,87,2550,1054,1496,232,92,140,6,0,6,92,38,54,546,342,204,0,0,0,866,408,458,0,0,0,134,96,38,56,56,0,4,4,0,0,0,0,6,0,6,24,18,6,32,16,16,50,6,44,50,12,38,536,232,304
District - Coimbatore,Rural,35-59,5927,2498,3429,940,271,669,156,71,85,4297,1786,2511,556,214,342,0,0,0,148,82,66,162,82,80,14,6,8,1110,366,744,0,0,0,58,24,34,32,30,2,10,6,4,0,0,0,0,0,0,22,18,4,28,6,22,36,6,30,24,2,22,214,70,144
District - Coimbatore,Rural,60+,1242,698,544,379,191,188,39,21,18,1008,552,456,140,74,66,0,0,0,98,66,32,14,8,6,12,6,6,196,106,90,0,0,0,34,12,22,0,0,0,0,0,0,0,0,0,0,0,0,0,0,0,2,0,2,2,0,2,8,6,2,68,38,30
District - Coimbatore,Rural,Unknown,21,10,11,2,1,1,1,1,0,10,4,6,0,0,0,0,0,0,0,0,0,0,0,0,0,0,0,0,0,0,0,0,0,0,0,0,0,0,0,0,0,0,0,0,0,0,0,0,0,0,0,0,0,0,0,0,0,0,0,0,12,6,6
District - Coimbatore,Urban,15-34,7003,3705,3298,1081,597,484,117,44,73,1047,459,588,354,166,188,6,3,3,95,21,74,1152,659,493,10,8,2,1532,1102,430,0,0,0,375,251,124,186,170,16,34,25,9,0,0,0,74,48,26,70,55,15,131,95,36,198,45,153,101,26,75,2602,1125,1477
District - Coimbatore,Urban,35-59,6321,3139,3182,1182,507,675,50,17,33,1948,844,1104,756,342,414,6,6,0,91,44,47,558,312,246,28,18,10,2066,1221,845,0,0,0,175,79,96,152,130,22,53,31,22,0,0,0,41,35,6,36,23,13,220,144,76,81,32,49,83,16,67,1159,352,807
District - Coimbatore,Urban,60+,1277,689,588,291,178,113,19,7,12,480,264,216,164,97,67,0,0,0,15,11,4,97,66,31,6,0,6,315,180,135,0,0,0,27,18,9,6,6,0,9,3,6,0,0,0,0,0,0,6,6,0,56,38,18,7,0,7,22,9,13,339,162,177
District - Coimbatore,Urban,Unknown,13,10,3,0,0,0,0,0,0,2,1,1,0,0,0,0,0,0,0,0,0,3,3,0,0,0,0,2,0,2,0,0,0,0,0,0,0,0,0,0,0,0,0,0,0,0,0,0,0,0,0,0,0,0,0,0,0,0,0,0,6,6,0
District - Tiruppur,Total,15-34,8852,4266,4586,1273,555,718,228,112,116,4810,2090,2720,288,125,163,26,26,0,122,60,62,2024,1175,849,38,38,0,882,414,468,0,0,0,146,108,38,170,161,9,17,7,10,0,0,0,24,14,10,29,29,0,74,48,26,78,21,57,114,6,108,1055,387,668
District - Tiruppur,Total,35-59,11228,5065,6163,1425,637,788,284,137,147,8347,3600,4747,776,348,428,23,17,6,172,67,105,864,459,405,33,26,7,1127,516,611,0,0,0,126,80,46,86,77,9,24,9,15,0,0,0,3,3,0,30,30,0,116,75,41,47,18,29,114,33,81,481,207,274
District - Tiruppur,Total,60+,2490,1358,1132,558,256,302,80,52,28,2170,1157,1013,163,95,68,2,0,2,87,39,48,94,62,32,0,0,0,213,83,130,0,0,0,22,17,5,6,6,0,3,3,0,0,0,0,6,6,0,6,6,0,16,6,10,3,0,3,34,15,19,143,67,76
District - Tiruppur,Total,Unknown,7,4,3,0,0,0,0,0,0,7,4,3,0,0,0,0,0,0,0,0,0,0,0,0,0,0,0,0,0,0,0,0,0,0,0,0,0,0,0,0,0,0,0,0,0,0,0,0,0,0,0,0,0,0,0,0,0,0,0,0,0,0,0
District - Tiruppur,Rural,15-34,5567,2612,2955,800,317,483,206,101,105,3793,1616,2177,232,98,134,24,24,0,62,26,36,848,514,334,32,32,0,492,194,298,0,0,0,58,44,14,92,86,6,12,4,8,0,0,0,8,8,0,12,12,0,30,24,6,34,6,28,52,0,52,380,140,240
District - Tiruppur,Rural,35-59,7556,3296,4260,903,390,513,259,119,140,6284,2665,3619,566,250,316,20,14,6,90,34,56,238,120,118,20,18,2,530,196,334,0,0,0,52,42,10,54,48,6,0,0,0,0,0,0,0,0,0,12,12,0,42,34,8,12,6,6,78,24,54,202,104,98
District - Tiruppur,Rural,60+,1794,959,835,447,206,241,75,48,27,1704,889,815,128,84,44,2,0,2,58,18,40,48,34,14,0,0,0,118,36,82,0,0,0,6,6,0,0,0,0,0,0,0,0,0,0,6,6,0,0,0,0,10,0,10,0,0,0,24,12,12,62,32,30
District - Tiruppur,Rural,Unknown,5,3,2,0,0,0,0,0,0,5,3,2,0,0,0,0,0,0,0,0,0,0,0,0,0,0,0,0,0,0,0,0,0,0,0,0,0,0,0,0,0,0,0,0,0,0,0,0,0,0,0,0,0,0,0,0,0,0,0,0,0,0,0
District - Tiruppur,Urban,15-34,3285,1654,1631,473,238,235,22,11,11,1017,474,543,56,27,29,2,2,0,60,34,26,1176,661,515,6,6,0,390,220,170,0,0,0,88,64,24,78,75,3,5,3,2,0,0,0,16,6,10,17,17,0,44,24,20,44,15,29,62,6,56,675,247,428
District - Tiruppur,Urban,35-59,3672,1769,1903,522,247,275,25,18,7,2063,935,1128,210,98,112,3,3,0,82,33,49,626,339,287,13,8,5,597,320,277,0,0,0,74,38,36,32,29,3,24,9,15,0,0,0,3,3,0,18,18,0,74,41,33,35,12,23,36,9,27,279,103,176
District - Tiruppur,Urban,60+,696,399,297,111,50,61,5,4,1,466,268,198,35,11,24,0,0,0,29,21,8,46,28,18,0,0,0,95,47,48,0,0,0,16,11,5,6,6,0,3,3,0,0,0,0,0,0,0,6,6,0,6,6,0,3,0,3,10,3,7,81,35,46
District - Tiruppur,Urban,Unknown,2,1,1,0,0,0,0,0,0,2,1,1,0,0,0,0,0,0,0,0,0,0,0,0,0,0,0,0,0,0,0,0,0,0,0,0,0,0,0,0,0,0,0,0,0,0,0,0,0,0,0,0,0,0,0,0,0,0,0,0,0,0,0
